"","CC.Line","Animal_ID","Block","Freezer.days","Blaze","weight.change","log.spleen.CFU","log.spleen.CEQ","log.lung.CFU","log.lung.CEQ","Eotaxin","GCSF","GMCSF","IFNy","IL1a","IL1B","IL2","IL5","IL6","IL7","IL9","IL10","IL12_p40","IL12_p70","IL15","IL17","IP10","KC","LIF","LIX","MCP1","MCSF","MIG","MIP1a","MIP1b","MIP2","RANTES","TNFa","VEGF"
"1","129s1.SvImJ","129Su/mj-1",1,0,0,5.436,6.033,6.715,6.325,5.982,0.193124598354462,0.309630167425899,-0.119186407719209,1.29578694025161,2.14382639083956,2.13506901382345,0.436162647040756,-1.52287874528034,0.773054693364263,-2,0.887617300335736,-0.853871964321762,-0.638272163982407,-0.0506099933550872,-0.537602002101044,-2,1.73166933182864,1.99197879099458,0.267171728403014,2.4750170755178,1.18554215485438,0.346352974450639,2.72226362737262,1.82736927305383,1.72139837552151,1.84404204204102,0.462397997898956,1.27323283404305,0.367355921026019
"2","129s1.SvImJ","129Su/mj-2",1,0,0,-1.635,6.033,5.686,6.049,6.594,0.64738297011462,0.990782691803138,0.383815365980431,1.19061179781361,2.55513073908001,1.90552604843505,1.02160271602824,-0.236572006437063,0.912222056532416,-0.0222763947111523,1.98993901328454,-0.0132282657337552,-0.638272163982407,0.577491799837225,-0.537602002101044,0.720985744153739,1.79989168465687,2.60379370413696,0.638489256954637,2.38847420763095,1.62211036036122,-0.00436480540245009,2.73121796600748,1.95961371107104,2.05234759922466,2.28232749923853,0.666517980554881,1.44839710345777,0.354108439147401
"3","129s1.SvImJ","129Su/mj-3",1,0,0,-7.204,6.763,6.396,6.041,5.892,0.462397997898956,0.100370545117563,-0.119186407719209,1.43472854177976,2.26876512744786,2.08870296035147,0.250420002308894,-1.52287874528034,0.69810054562339,-2,1.56761444273084,-0.853871964321762,-0.638272163982407,-0.508638306165727,-0.537602002101044,-0.42021640338319,1.95616843047536,2.16990944190107,0.190331698170291,2.3567713616696,1.51917146382166,0.346352974450639,2.90518582132612,1.74004672405149,1.82872432713879,1.79483645781456,0.771587480881255,1.41995574848976,0.419955748489758
"4","A.J","A/J-1",1,0,0,-29.6,5.428,5.912,7.857,8.489,0.707570176097936,2.12492787911053,1.24526583945746,2.6959192528314,2.68318217109745,2.43104194533589,0.999565488225982,-0.619788758288394,2.50000306805169,-2,1.77342072329061,0.783188691075258,-0.638272163982407,0.418301291319745,-0.537602002101044,0.20682587603185,2.11836394426344,2.94131262536066,1.51348395670426,2.24368280735719,2.55231528451061,1.33725953975028,3.03917211602383,2.8027600465102,2.44619531301464,3.62259011042908,1.44279322593977,2.00919585351952,0.499687082618404
"5","A.J","A/J-2",1,0,0,-30,6.338,NA,7.21,8.053,0.934498451243568,1.44247976906445,1.08742645703629,3.02585453231781,2.73284390591692,2.35418529862586,0.492760389026837,-0.337242168318426,1.96156346236207,-0.0222763947111523,1.90444504107691,0.57287160220048,-0.638272163982407,1.65581049449525,-0.537602002101044,-0.1249387366083,2.32727717714175,2.85419669516003,1.2135177569963,2.48139962691983,2.60017759406901,1.31111784266251,3.12333540548721,2.6896994596406,2.43838410703471,3.27289239526715,1.26997967664532,2.05203950700147,-0.0268721464003014
"6","C57BL.6J","C57BL/6-1",2,0,0,NA,4.477,6.618,5.705,5.303,1.01828430842653,0.334453751150931,-0.119186407719209,1.45591024038274,1.78046133286172,1.33585891131982,0.517195897949974,-1.52287874528034,0.324282455297693,-2,1.62065647981962,-0.853871964321762,-0.638272163982407,0.164352855784437,-0.537602002101044,-0.698970004336019,1.87575557925805,1.62828673108951,-0.0861861476162833,2.78939736735631,1.60895369927586,-0.00436480540245009,2.65152029823422,1.32056168019524,0.271841606536499,1.73439974252057,1.73743120051458,0.719331286983727,0.45178643552429
"7","C57BL.6J","C57BL/6-2",2,0,0,5.12,6.38,7.043,5.966,5.963,0.884795363948981,-0.0362121726544447,0.716837723299524,1.18184358794477,1.87972649663958,1.00945089579869,1.30856441356124,0.621176281775035,0.423245873936808,-0.318758762624413,1.90993025975283,0.737192642704737,1.02612451674545,-0.508638306165727,0.955687750313506,-0.113509274827518,1.29841638006129,1.68493508264089,0.0863598306747482,2.80404397250819,1.40260524191991,0.309630167425899,2.5101292826219,1.13735411137073,0.951823035315912,2.02160271602824,1.75319991419942,0.719331286983727,0.842609239610562
"8","C57BL.6J","C57BL/6-3",2,0,0,8.583,6.965,6.38,5.618,5.853,0.916980047320382,0.117271295655764,0.912222056532416,1.40277706961035,2.02114793572099,1.65137494391304,1.24748226067705,-1.09691001300806,0.40823996531185,0.65991620006985,1.92737036303902,0.687528961214634,1.19312459835446,0.505149978319906,0.879095879500073,-0.42021640338319,1.58251788360406,1.71155416825017,0.243038048686294,2.63966574815517,1.73247417728119,0.453318340047038,2.71052353253156,1.3285834497142,1.09656243837414,2.07587529525983,1.5556988947189,0.642464520242121,0.565847818673518
"9","C57BL.6J","C57BL/6-1.1",3,0,0,8.163,5.672,6.164,5.419,5.478,1.74585519517373,0.593286067020457,0.629409599102719,1.86462972454551,2.29214526781412,1.54195347445824,0.843232778098009,0.877946951629188,1.05576046468773,-0.318758762624413,1.7814681428418,0.633468455579587,0.827369273053825,-0.508638306165727,0.505149978319906,0.0293837776852097,2.02974891856684,2.51333748077036,0.515873843711679,2.5913095245845,2.08177922676753,1.25042000230889,2.97486616813139,1.79140991566716,1.89103541531531,2.05918461763137,2.22796379146686,1.31048089146268,0.428134794028789
"10","C57BL.6J","C57BL/6-2.1",3,0,0,1.196,6.562,7.589,5.765,6.1,1.23527587668705,0.187520720836463,0.181843587944773,1.43136376415899,1.87972649663958,1.35774432518038,0.782472624166286,-1,0.0334237554869497,-2,2.39922362152727,-0.508638306165727,0.217483944213906,-0.508638306165727,-0.537602002101044,-0.481486060122112,1.87256414309065,1.61384182187607,0.161368002234975,2.56990036268471,1.44529276942597,0.583198773968623,2.76189026806868,1.61531865661148,1.36958689073634,1.55750720190566,1.93535609294557,0.456366033129043,0.434568904034199
"11","C57BL.6J","C57BL/6-3.1",3,0,0,2.688,6.734,6.877,6.039,6.318,0.790988475088816,-0.0362121726544447,-0.119186407719209,1.23223352111473,1.66332393362821,1.52840243795362,0.59659709562646,-1.52287874528034,-0.173925197299174,-2,1.78731875662455,-0.0132282657337552,-0.638272163982407,0.164352855784437,-0.537602002101044,-0.508638306165727,1.59813364581324,1.41995574848976,0.0334237554869497,2.33443364445948,1.30102999566398,0.0969100130080564,2.71717935614411,0.73559889969818,1.32221929473392,1.79483645781456,1.95002390652333,0.88024177589548,0.716003343634799
"12","Cast.EiJ","CAST/Ei-1",1,0,0,-11.064,6.914,6.423,7.121,7.295,0.264817823009536,0.100370545117563,0.716837723299524,0.893206753059848,2.26299658160149,1.80427576712909,0.782472624166286,-0.823908740944319,0.866287339084195,-2,1.80611211016909,0.0569048513364726,-0.638272163982407,-0.508638306165727,0.2405492482826,0.0492180226701817,1.99830294009854,2.36724407113523,0.418301291319745,2.68265040578146,1.72770388368535,0.517195897949974,2.77116841606338,2.00008685021165,1.80665472399186,2.5023998050071,0.214843848047698,1.16136800223497,0.257678574869184
"13","Cast.EiJ","CAST/Ei-2",1,0,0,-4.577,5.508,6.107,7.146,7.974,0.488550716500444,0.488550716500444,0.571708831808688,0.710963118995276,2.10253660687407,1.75891189239797,0.762678563727436,-0.769551078621726,0.815577748324267,-2,1.70380706527433,0.426511261364575,-0.638272163982407,-0.508638306165727,-0.537602002101044,0.170261715394957,1.81597600097199,2.61830964112343,0.651278013998144,2.58456866424327,1.73247417728119,0.328379603438738,2.76487074677687,1.80563676630593,1.59483435558332,2.5169450171368,0.661812685537261,0.993436230497612,0.136720567156407
"14","Cast.EiJ","CAST/Ei-3",1,0,0,-5.01,6.307,7.079,7.207,7.655,0.193124598354462,0.378397900948138,-0.119186407719209,0.755112266395071,2.1185623126356,1.64630568028476,0.436162647040756,-1.52287874528034,0.902546779313991,-2,1.6900187807887,-0.853871964321762,-0.638272163982407,0.164352855784437,-0.537602002101044,-0.113509274827518,1.97648753730519,2.5689171335102,0.515873843711679,2.70596628941668,1.60227708430019,0.424881636631067,2.72681682903422,2.14448080090275,1.87719851527179,2.43646479814162,0.637489729512511,1.06855689507236,0.0374264979406237
"15","NOD.ShiLtJ","NOD/ShiLEJ-1",1,0,0,-4.611,5.057,5.788,6.131,6.479,1.09621458534641,0.551449997972875,0.69810054562339,2.14668605564753,2.49822782315178,1.92443436354323,0.334453751150931,-0.769551078621726,0.9804578922761,-0.769551078621726,1.47798897625089,0.217483944213906,-0.638272163982407,-0.508638306165727,-0.537602002101044,-0.259637310505756,2.31302311032324,2.77299609993704,0.394451680826216,2.54560396848142,2.28253148381223,1.25767857486918,3.07172740039784,1.88524810778139,2.18141479625428,2.05918461763137,2.21708895147917,1.59824319165362,0.14921911265538
"16","NOD.ShiLtJ","NOD/ShiLEJ-2",1,0,0,-8.071,4.38,5.181,5.908,6.214,1.06744284277638,1.58703711774346,0.383815365980431,1.9501700598082,2.5670616732183,1.97731197339693,0.227886704613674,-1.52287874528034,1.09236969962912,-2,1.73399928653839,-0.0132282657337552,-0.638272163982407,0.164352855784437,0.786041210242554,-0.387216143280265,2.18926566893455,2.45847165238423,0.628388930050311,2.51556920112378,1.99594216299255,1.0068937079479,3.1202579657631,2.45058778752556,2.16130809541622,2.67849106406278,2.0265332645233,1.74577721788976,-0.119186407719209
"17","NOD.ShiLtJ","NOD/ShiLEJ-3",1,0,0,-4.136,5.568,5.456,6.045,6.407,0.866287339084195,0.45484486000851,0.808885867359812,2.07309486451575,2.34637253682455,2.05049575888386,0.726727209026572,-0.494850021680094,0.896526217489555,-2,1.8685268867682,-0.193820026016113,-0.638272163982407,0.164352855784437,-0.537602002101044,-0.0362121726544447,2.13630826725581,2.52378547354619,0.667452952889954,2.59959926940117,2.10782026724805,1.09236969962912,3.07556520867649,1.62818450807341,1.7167543574327,1.84404204204102,1.58534791109459,1.61982350045728,-0.0409586076789064
"18","NZO.H1LtJ","NZO/H1LtJ-1",1,0,0,-6.128,6.455,6.089,6.35,6.678,1.25527250510331,0.917505509552547,-0.119186407719209,1.73070154428185,2.44725108447586,1.94011786674772,0.404833716619938,-0.522878745280338,0.992995098431341,-2,1.99224414404677,0.0569048513364726,0.419955748489758,-0.508638306165727,-0.537602002101044,0.352182518111362,2.1940145463747,2.51259101820094,0.357934847000454,2.52386347650669,1.82360462835516,0.409933123331295,3.05254389399851,1.54654266347813,1.84435289631089,1.766264090652,2.02783867818895,1.49623754516674,0.281033367247728
"19","NZO.H1LtJ","NZO/H1LtJ-2",1,0,0,53.563,6.188,6.81,5.892,7.222,0.606381365110605,0.773786444981194,0.181843587944773,1.31993843998031,2.16088851614497,1.63608651510307,0.436162647040756,-1.52287874528034,0.469822015978163,-2,1.62065647981962,-0.193820026016113,-0.638272163982407,-0.508638306165727,-0.537602002101044,-0.0705810742857073,2.02657411815033,2.20946139462999,0.0606978403536116,2.51900060333964,1.49303958831765,0.127104798364808,2.93216416879874,1.51759173071191,1.64502906472114,0.763427993562937,1.01870049866624,1.3174364965351,0.110589710299249
"20","NZO.H1LtJ","NZO/H1LtJ-3",1,0,0,-10.794,6.602,6.206,6.934,8.068,0.730782275666389,1.31196566036837,-0.119186407719209,1.67669360962487,2.61638097759435,2.1797528068975,-0.346787486224656,-1.52287874528034,1.48244479191827,-2,1.46044678388072,0.217483944213906,-0.638272163982407,0.418301291319745,-0.537602002101044,1.6341748717626,2.13084818310286,2.45800293756028,0.599883072073688,2.60612329172563,1.44529276942597,0.409933123331295,3.03110536235594,1.71273385906995,1.81842385509208,1.97644168937884,1.47755533219898,1.76952502017105,-0.113509274827518
"21","PWK.PhJ","PWK/phJ-1",1,0,0,-7.453,7.491,7.178,6.875,7.685,0.532754378992498,0.100370545117563,0.181843587944773,1.24278980947868,2.5478362158308,2.32890940487119,0.450249108319361,-1.52287874528034,0.413299764081252,-2,1.8670548004767,-0.193820026016113,-0.638272163982407,-0.508638306165727,-0.537602002101044,-0.568636235841013,2.03702787975578,2.69650491476539,0.469822015978163,2.67715052127343,1.87984105598656,0.127104798364808,2.82864056549018,1.7900739484263,2.30698228255136,2.16711047859666,1.50852971897129,1.37217528611506,-0.0315170514460649
"22","PWK.PhJ","PWK/phJ-2",1,0,0,3.849,6.225,6.857,6.565,7.433,0.594392550375427,-0.154901959985743,-0.119186407719209,1.13097669160562,2.47574380674813,2.38715837827271,0.541579243946581,-1.52287874528034,0.311753861055754,-2,2.07685881012859,-0.0132282657337552,-0.638272163982407,0.418301291319745,-0.537602002101044,-0.200659450546418,1.95491755373496,2.55275336354544,0.4983105537896,2.66022969122786,1.74186039406526,0.271841606536499,2.77972632734101,1.82968964089897,2.28880794748348,2.09138554207837,1.64077947734486,1.28510702956681,-0.0604807473813815
"23","PWK.PhJ","PWK/phJ-3",1,0,0,4.115,6.949,7.635,6.28,7.765,1.26292546933183,0.346352974450639,0.943988875073772,1.17260293120986,2.52375946944571,2.50197620302468,0.942008053022313,-1.52287874528034,1.10037054511756,0.404833716619938,1.79685174904989,0.170261715394957,0.419955748489758,-0.508638306165727,0.66838591669,0.0827853703164501,1.94270236888867,2.72356238535573,0.951337518795918,2.68469279339858,2.35671406058339,0.517195897949974,2.86596814831917,2.30777406851709,2.7321685116889,2.42283596877952,2.2266256785958,1.41346741298582,0.977723605288848
"24","Wsb.Eij","WSB/EiJ-1",1,8,1,-30,6.785,6.286,8.415,9.292,1.21058602490516,3.74382792173505,1.14395111642396,1.83244504117411,3.44462398957363,2.93986854445951,0.719331286983727,0.00432137378264258,2.06914988984878,0.103803720955957,1.87892373396757,0.783188691075258,-0.638272163982407,0.923244018630276,0.505149978319906,-0.0268721464003014,2.12907732425274,3.3064378953447,1.69653111996961,2.8890382440218,3.00971852909397,1.87203966797329,3.2545577441017,3.58340736664664,3.05532862933861,4.12956325821104,1.26481782300954,2.31312871384519,1.25309558584903
"25","Wsb.Eij","WSB/EiJ-2",1,8,1,-30,7.301,8.014,8.314,8.997,1.48415742436538,3.93605608478288,1.32221929473392,1.57795112772976,3.47527011597156,3.09877520543718,0.679427896612119,0.130333768495006,2.57608784178495,-0.0222763947111523,1.85479169405399,0.9698816437465,-0.638272163982407,0.923244018630276,1.33385014510255,0.881384656770573,2.16893921383598,3.6802248856998,1.78979216773068,2.93217939998684,3.18807592432376,2.11951981786819,3.15204360248765,3.76011324012464,3.69267334298648,4.1557173203033,1.11494441571258,2.45726103246542,1.01029995663981
"26","CC001.Unc","CC001-1",1,0,0,-5.673,5.36,6.729,5.74,6.445,0.518513939877887,0.606381365110605,-0.119186407719209,1.55022835305509,2.09871293057888,2.03450813677917,0.726727209026572,-1.52287874528034,0.924279286061882,-2,1.8624891669059,-0.0132282657337552,-0.638272163982407,-0.508638306165727,-0.537602002101044,-0.180456064458131,1.77778918743487,1.95511023097055,0.389166084364532,1.98600993185326,1.77283492723902,0.439332693830263,2.85976855787437,1.41564097989615,1.30685374869301,1.97644168937884,1.01241537476243,1.24204423936955,-0.0604807473813815
"27","CC001.Unc","CC001-2",1,0,0,-6.794,6.013,6.926,5.476,6.819,1.40823996531185,0.824776462475546,0.602059991327962,1.11193427633268,2.30126879196606,1.766264090652,1.09412159584056,-1.52287874528034,0.766412847112399,0.432969290874406,1.92603359667884,0.505149978319906,1.04296907339318,0.164352855784437,0.505149978319906,0.0755469613925307,1.92531209149965,2.08877376731045,0.585460729508501,2.67784410763218,1.89459294792296,0.127104798364808,2.85360696385444,1.94753174569559,2.36193549242115,2.05918461763137,2.40517554621799,1.22063101944809,1.07408468902824
"28","CC001.Unc","CC001-3",1,0,0,1.596,6.149,7.273,5.481,6.966,1.31701810104811,1.17897694729317,-0.119186407719209,1.09933527768596,2.21895541772872,1.50704587242733,1.25575478664304,-1.52287874528034,0.82865989653532,-0.0222763947111523,2.01460453343605,0.613841821876069,1.30813737863804,-0.508638306165727,-0.537602002101044,0.0413926851582251,1.83046035003097,2.07445071895459,0.357934847000454,2.66416229476199,1.90584982664232,0.271841606536499,2.73336581250928,1.62314587463794,1.97639583661188,1.97644168937884,2.1827569310404,1.0982975364947,0.920645001406788
"29","CC002.Unc","CC002-1",1,12,0,NA,6.94,6.553,8.301,7.958,2.34803212618249,3.99618320032566,2.06677303708503,2.44611758136797,4.03757747867406,3.07547761472054,0.807535028068853,0.577491799837225,3.4550200662953,0.549003262025788,1.66922387393081,1.23274206272074,0.91487181754005,1.43663963169266,1.25163822044821,1.57403126772772,3.10183296230458,3.81597865476456,2.22909282945599,3.18079945560002,3.89002958616342,2.42917067879397,3.40490552315673,3.6668389029167,4.43838932993257,4.10344074534124,1.90558002823524,2.65118106244469,2.39896373612552
"30","CC002.Unc","CC002-2",1,12,0,NA,7.386,7.849,8.561,9.159,1.51877706892677,3.91019897213157,1.30492116190089,2.40318917890767,3.64416177394374,2.93196103523084,0.885361220031512,-0.0268721464003014,3.0615617929326,0.198657086954423,1.84041977773649,1.17318626841227,0.161368002234975,0.978180516937414,1.02077548819356,1.53529412004277,2.73364657956777,3.69443934573922,1.86858566655877,3.04457895487661,3.03562182597592,2.21966310073702,3.23263277651551,3.7405537370389,3.9264885590499,4.11476372762428,1.14332712999205,2.5311850301845,1.41229250932305
"31","CC002.Unc","CC002-3",1,12,0,NA,7.083,8.045,8.398,8.06,2.34364488025251,3.93817134935806,2.04135320204697,2.20574554094266,3.80564899595332,3.16469183011261,0.671172842715083,0.307496037913213,3.3834958087,0.376576957056512,1.67531998333929,1.00130093302042,0.419955748489758,1.2559957267224,1.02077548819356,2.14373282313869,2.88918400676462,3.76714695738605,2.15198239545747,3.20601047169571,3.39721326056743,2.34423503455164,3.39977579464196,3.71877812106879,3.90338412187649,4.14746051436761,1.59900923982334,2.50838156225162,2.11697282286045
"32","CC003.Unc","CC003-2",1,7,1,-24.173,7.403,7.759,8.093,8.462,0.887054378050957,2.64121623358033,1.00902574208691,1.83613414946537,2.85675909061807,2.30928941065526,0.626340367375042,-0.522878745280338,2.58578773727363,0.0453229787866575,2.01021512521423,0.117271295655764,0.478566495593843,0.859738566197147,0.66838591669,2.01300585001574,1.38756777941719,3.40198781978879,1.37383114507383,2.49648682929215,2.26960633083948,1.26458172923808,2.9389747954043,2.94266767944563,2.86337639997542,4.10872464158949,1.41830129131975,2.07986833517517,0.968949680981343
"33","CC003.Unc","CC003-3",1,7,1,-26.412,7.525,8.009,8.17,8.718,0.79657433321043,3.53004978308532,1.1156105116743,2.04139268515822,3.20290497444114,2.55435588322946,0.843232778098009,-0.187086643357144,2.83961629568029,0.313867220369153,1.97593704248311,0.613841821876069,-0.193820026016113,0.577491799837225,1.31868926994775,1.92505412031184,2.20782279900151,3.58185526099277,1.43376983392487,2.82629513504488,2.709888728896,1.46134843364798,3.13802150017683,3.58790057676675,3.36374356434457,4.13532573427362,1.55654370848351,2.38817227504779,1.27508089845686
"34","CC004.TauUnc","CC0004-1",1,7,1,-18.131,7.403,7.577,8.182,8.464,0.825426117767823,2.70424491842302,0.854913022307856,2.69910027314125,3.36481543112554,2.53328895800668,0.942008053022313,-0.397940008672038,2.43271280512539,-0.193820026016113,1.8670548004767,0.783188691075258,-0.638272163982407,0.639486489268586,0.879095879500073,1.43949059038968,2.22755250337986,3.16815557040591,1.22036963245139,2.78750298087036,2.9012348501877,1.58319877396862,3.1848106325504,3.0886958790206,3.0652023905642,3.96050169553704,1.45969397647797,2.24954076450164,0.911157608739977
"35","CC004.TauUnc","CC0004-2",1,7,1,-17.28,7.045,7.746,7.572,8.418,1.47943133719774,1.97146140502459,0.875639937004168,2.5487578285737,3.12293964526499,2.7255277814967,1.02897770520878,-0.585026652029182,2.26623169668989,0.346352974450639,2.34968539781031,0.528916700277655,1.05346260492546,0.639486489268586,1.25163822044821,1.50351831272407,2.16429335931446,3.50711478114373,1.27461961909124,2.97006779654914,2.46663039818139,1.16996817399689,3.08537264749315,2.40869776889579,2.63686886524394,3.32973338715348,1.89965638030564,2.02995164203684,0.33645973384853
"36","CC004.TauUnc","CC0004-3",1,7,1,-30,6.613,7.338,7.468,8.208,0.752048447819439,1.94304911100841,0.928395852256714,2.50127840917934,3.10397466938639,2.42517542072564,1.17055505852121,-0.657577319177794,2.17952306703528,0.588831725594207,2.15760785336167,0.783188691075258,1.07371835034612,0.505149978319906,1.21404867941194,1.44932409309873,2.18298496700358,3.38363586836188,1.11427729656159,2.96674697553981,2.43530275228461,1.20411998265592,2.9853096884076,2.37537093802906,2.51759173071191,3.33819544003648,1.51507867507592,1.95356641425701,0.222716471147583
"37","CC005.TauUnc","CC005-1",1,0,0,-1.733,7.593,7.995,8.14,8.898,0.851258348719075,2.99582378660045,0.734799829588847,0.865103974641128,2.91375029244284,2.44061000827234,0.492760389026837,-1.52287874528034,2.52962281813344,-2,1.6900187807887,0.260071387985075,-0.638272163982407,0.693726948923647,-0.537602002101044,1.52452593662638,2.09384176691213,3.03697603250804,1.19534605834842,2.59464664328383,1.87984105598656,1.40823996531185,2.9657236698669,2.87783764522375,2.59899830578636,3.97845352059739,1.23879856271392,2.04289038972924,0.77451696572855
"38","CC005.TauUnc","CC005-2",1,0,0,-5.507,7.857,7.945,NA,8.063,0.752048447819439,1.32469391386177,0.494154594018443,1.09933527768596,2.18763350995069,1.45224657452044,0.626340367375042,-1.52287874528034,1.37051308959859,-2,2.19334725638646,-0.853871964321762,-0.638272163982407,-0.508638306165727,-0.537602002101044,0.833784374656479,2.07283787466309,2.54293740823262,0.152288344383056,2.3807537708039,1.86433305503339,0.363611979892144,2.89933890156108,2.23286910513261,2.14860265480609,2.64221712947388,1.21827285357145,1.29556709996248,0.553883026643874
"39","CC005.TauUnc","CC005-3",1,0,0,-30,7.474,7.683,7.29,7.626,1.28578227377939,1.99286267138903,0.885361220031512,1.50582803385484,2.59458037250823,2.24804686935866,0.755874855672491,-1.52287874528034,2.34918035899638,-2,2.17661209999187,0.367355921026019,0.680335513414563,0.577491799837225,0.505149978319906,1.27806733088866,2.28348214704897,3.02741077170443,1.02160271602824,2.4944328987264,2.27653073433479,0.684845361644412,2.95135694988166,2.42558312478095,2.25411283957607,3.22187306942639,1.88846031803539,1.79042591739111,0.720985744153739
"40","CC006.TauUnc","CC006-1",1,2,0,-8.598,6.778,7.655,6.444,6.485,1.30059548388996,0.79309160017658,0.716837723299524,1.80016699020136,2.23545269126322,2.07598468474412,0.801403710017355,0.12057393120585,1.58342550040651,-2,2.08916299936493,0.426511261364575,1.15014216184856,-0.508638306165727,0.2405492482826,0.170261715394957,1.87349498225617,2.26230867474902,0.783903579272735,2.55110828364363,1.88874096068289,0.725094521081469,2.79194315397488,2.05165408411329,2.33629959576342,2.04119523369681,1.94851076883766,1.79260178116497,0.164352855784437
"41","CC006.TauUnc","CC006-2",1,2,0,24.733,6.602,7.144,6.397,6.674,1.23375736296551,0.309630167425899,0.716837723299524,1.18184358794477,2.2386481750578,1.72786644946749,1.04960561259497,-0.0457574905606751,0.60422605308447,0.346352974450639,2.21170775040669,0.551449997972875,1.28397928423848,-0.508638306165727,1.02077548819356,0.139879086401236,1.77641058880734,2.150572247669,0.318063334962762,2.52386347650669,1.60895369927586,0.583198773968623,2.8368998388589,1.70165431732575,2.04147164061375,2.04119523369681,2.00868531919517,1.16136800223497,0.287801729930226
"42","CC006.TauUnc","CC006-3",1,2,0,-4.25,7.021,6.64,NA,7.027,0.819543935541869,0.656098202012832,0.629409599102719,1.80085449150356,2.18571209987001,1.7942788657214,0.575187844927661,-1.52287874528034,1.64463550376815,-2,1.93646347400475,-0.508638306165727,-0.0757207139381184,-0.508638306165727,-0.537602002101044,0.0253058652647703,1.90374094062154,2.34216597641276,0.728353782021228,2.541891125096,1.86433305503339,0.492760389026837,2.80425531963824,2.05743786821294,2.34135537486371,1.766264090652,1.7131544018373,1.5194341949137,0.113943352306837
"43","CC007.Unc","CC007-1",2,0,0,-9.577,5.824,6.199,7.23,7.649,1.02118929906994,1.93171206705676,0.629409599102719,1.66247450375031,2.73284390591692,2.06276994981513,0.492760389026837,-1.09691001300806,2.46110817668485,-2,1.54032947479087,-0.0132282657337552,-0.638272163982407,-0.508638306165727,-0.537602002101044,2.30734625536925,1.86545932266196,2.73403133660902,1.29292029960001,2.58626089862368,2.05812221578291,0.480006942957151,2.84833077860932,2.04575314759414,1.93389203576421,2.4493549587028,1.24846371755103,1.30749603791321,0.0827853703164501
"44","CC007.Unc","CC007-2",2,0,0,-14.615,4,5.532,7.153,7.605,0.699837725867246,1.43071988786328,0.494154594018443,1.45362407359145,2.45856231298199,1.7805333253164,1.03221570329798,-0.657577319177794,1.77771673860963,-0.481486060122112,2.02962723904741,-0.0132282657337552,0.929929560084588,0.309630167425899,0.00860017176191757,1.97030037540218,1.78611228371983,2.49582175338591,0.813580988568192,2.60247237523441,1.75549372841512,0.181843587944773,2.78293104297851,1.7979596437372,1.50474263627169,2.26902233472923,1.18012587516405,1.03140846425162,0.294466226161593
"45","CC007.Unc","CC007-3",2,0,0,-10.488,7.167,7.083,7.161,7.593,NA,NA,NA,NA,NA,NA,NA,NA,NA,NA,NA,NA,NA,NA,NA,NA,NA,NA,NA,NA,NA,NA,NA,NA,NA,NA,NA,NA,NA
"46","CC008.GeniUnc","AU8036-1",2,0,0,-1.707,5.66,5.331,7.294,8.225,1.17695898058691,1.2135177569963,0.69810054562339,1.12417805547468,2.33741932432967,1.53516748511494,0.755874855672491,-0.769551078621726,0.927370363039024,-0.481486060122112,1.81150797994533,-0.193820026016113,0.723455672035186,0.418301291319745,0.00860017176191757,0.0170333392987804,1.73766962735664,2.10513533761257,0.631443769013172,2.66876785328239,2.00987563371216,-0.0861861476162833,2.87291926088305,1.71982828625433,2.13149034569495,1.9198100201702,2.07700432679335,1.24129738710999,1.14270224573762
"47","CC008.GeniUnc","AU8036-2",2,0,0,1.948,5.895,5.388,6.402,6.238,0.916980047320382,0.397940008672038,-0.119186407719209,1.27966694404846,2.06896466594445,1.13672056715641,0.991669007379949,-1.52287874528034,0.250420002308894,-2,1.96880971391286,-0.0132282657337552,0.929929560084588,-0.508638306165727,0.66838591669,-0.275724130399211,1.66482994114309,1.79365071770717,-0.207608310501746,2.53248684252501,1.20411998265592,0.271841606536499,2.81298684641391,0.73559889969818,0.271841606536499,1.9198100201702,1.42537116643894,0.650307523131936,0.27415784926368
"48","CC008.GeniUnc","AU036-3",2,0,0,2.215,5.498,6.426,6.176,6.291,NA,NA,NA,NA,NA,NA,NA,NA,NA,NA,NA,NA,NA,NA,NA,NA,NA,NA,NA,NA,NA,NA,NA,NA,NA,NA,NA,NA,NA
"49","CC009.Unc","CC009-1",1,0,1,6.681,6.442,6.942,7.152,7.003,0.861534410859038,1.44482519950975,0.808885867359812,2.10588470866923,2.92664079293961,2.13506901382345,1.3014640731433,-0.698970004336019,1.55205953418788,0.404833716619938,2.26216621305121,0.797267540830716,1.11159852488039,-0.508638306165727,0.879095879500073,0.570542939881898,2.09096307659573,2.84678231409796,0.869818207979328,2.7931685215332,2.37979484327698,0.740362689494244,2.92103584692461,2.30760299382606,2.47709230078906,2.73802702236946,1.30276370847298,1.77691900284205,0.651278013998144
"50","CC009.Unc","CC009-2",1,0,1,2.548,7.114,6.01,6.914,7.244,0.951337518795918,1.32469391386177,0.629409599102719,1.96444820791666,2.68673455524477,1.70260284134043,1.40517554621799,-0.187086643357144,1.580468783951,0.346352974450639,2.44498111208794,0.783188691075258,1.20057692675485,-0.508638306165727,1.2332500095411,0.463892988985907,2.21253383618661,2.95008724565236,0.638489256954637,2.60531582254542,2.69105495600789,0.775974331129369,2.86545340257688,2.42442424376951,2.44886084560744,2.67485195893923,1.35044185653506,1.64473392744719,0.734799829588847
"51","CC009.Unc","CC009-3",1,0,1,2.479,7.358,7.099,6.5,7.077,1.02857125269254,0.764176132390331,0.494154594018443,1.24526583945746,2.36193549242115,1.46864266839151,0.726727209026572,-1.52287874528034,0.928907690243953,-2,1.91264710621832,-0.327902142064283,-0.638272163982407,-0.508638306165727,-0.537602002101044,0.164352855784437,2.07816670816815,2.63339775072268,0.332438459915605,2.47070442972279,2.0741213059063,0.517195897949974,2.92438784611292,1.98976118771878,2.02877452650009,2.10588470866923,1.47625179600703,1.23223352111473,0.797267540830716
"52","CC010.GeniUnc","CC010-1",1,0,0,-8.482,6.013,5.836,7.009,6.72,1.36172783601759,0.170261715394957,0.958085848521085,1.00346053210951,2.0855759697185,1.53516748511494,0.450249108319361,-1.52287874528034,0.0899051114393979,-2,1.83878614494659,-0.193820026016113,0.450249108319361,-0.508638306165727,-0.537602002101044,-2,2.06985302111362,2.46200845578399,0.357934847000454,2.78396071952437,1.84460141962635,0.857935264719429,2.83711474851551,1.50174372962799,1.75442478927726,1.9198100201702,1.89253980465864,0.697229342759718,1.11058971029925
"53","CC010.GeniUnc","CC010-2",1,0,0,-0.874,6.424,6.046,5.685,5.955,1.94324712513786,0.480006942957151,0.972202838379065,1.19340290306242,2.29543514235315,1.58001211252942,1.17055505852121,-0.301029995663981,1.07627625540422,0.198657086954423,1.84849701809037,-0.327902142064283,1.15442397311465,-0.508638306165727,-0.537602002101044,-0.0915149811213502,2.01334290434535,2.42267189832729,0.469822015978163,2.85907221703517,2.16740595723229,1.0068937079479,2.92528114304671,1.84528412634799,2.09429639740537,2.1504186944793,2.22008192493381,1.10754912974469,1.58194965837332
"54","CC010.GeniUnc","CC010-3",1,0,0,NA,NA,NA,NA,NA,1.00346053210951,0.356025857193123,0.571708831808688,0.799340549453582,2.02775720469055,1.24821856119007,0.919601023784111,-0.886056647693163,0.535294120042771,-2,1.72924580722531,-0.853871964321762,0.267171728403014,-0.508638306165727,-0.537602002101044,-2,1.78297399494405,2.06449542679273,0.152288344383056,2.79450895921257,1.48401496266756,0.46686762035411,2.81505947330386,1.28533222764388,1.66689221106654,2.00013026880523,1.85967857662845,0.885926339801431,0.845718017966659
"55","CC010.GeniUnc","18018-1",2,0,0,4.003,3.398,4.241,5.23,5.173,0.88024177589548,0.418301291319745,0.535294120042771,1.69992440274248,2.47646932392638,2.02114793572099,0.971739590887778,-0.698970004336019,0.491361693834273,-2,1.82885315967664,0.117271295655764,-0.638272163982407,0.418301291319745,-0.537602002101044,-0.408935392973501,1.90789483541628,2.36929008943868,0.565847818673518,2.66806893381985,1.75097098443732,0.828015064223977,2.94742391828922,1.62055244472944,1.95201709004743,1.55750720190566,1.63276088847944,1.5056925074122,0.311753861055754
"56","CC010.GeniUnc","18018-2",2,0,0,0.784,3.845,5.779,5.138,6.422,0.819543935541869,0.418301291319745,0.383815365980431,1.16345955176999,2.13376238478735,1.63608651510307,0.831869774280502,-0.585026652029182,0.195899652409234,-0.193820026016113,2.21885047765768,-0.193820026016113,-0.638272163982407,-0.508638306165727,-0.537602002101044,-0.42021640338319,1.92778084934737,2.10731174549067,0.225309281725863,2.5081255360832,1.60227708430019,0.650307523131936,2.83398810140205,1.50974001557038,1.9923767597988,1.766264090652,1.50947135210255,1.29247759366778,0.549003262025788
"57","CC010.GeniUnc","18018-3",2,0,0,2.992,4.439,5.831,5.55,5.893,NA,NA,NA,NA,NA,NA,NA,NA,NA,NA,NA,NA,NA,NA,NA,NA,NA,NA,NA,NA,NA,NA,NA,NA,NA,NA,NA,NA,NA
"58","CC011.Unc","CC011-1",1,0,0,-9.89,5.748,6.823,6.561,6.723,0.716003343634799,0.397940008672038,-0.119186407719209,1.41145134213794,2.03901732199741,1.94875518016827,1.17055505852121,-1,0.775246259740236,0.198657086954423,2.35869609957381,0.633468455579587,1.03181227133037,0.309630167425899,0.955687750313506,0.815577748324267,1.87984105598656,2.00346053210951,-0.0222763947111523,2.54744239837003,1.27114431794908,0.271841606536499,2.88278628797483,1.33645973384853,1.3932241163613,1.84404204204102,0.934498451243568,1.14050804303818,0.45484486000851
"59","CC011.Unc","CC011-2",1,0,0,-7.679,7.464,6.992,6.584,7.697,0.998695158311656,1.04375512696868,0.676693609624867,1.89030921689995,1.95980431650834,2.15818149835147,1.07261747654524,-0.468521082957745,1.69081605798092,-0.0222763947111523,1.99224414404677,0.45484486000851,1.12057393120585,0.418301291319745,0.835056101720116,1.33965015761368,2.03786455577437,2.25297432534792,0.699837725867246,2.63169737163755,1.87057946055268,0.380211241711606,2.87575557925805,1.44762309776029,1.40414924920969,2.11955279766712,1.26030994579492,1.29025726939452,0.340444114840118
"60","CC011.Unc","CC011-3",1,0,0,-10.655,6.405,6.976,6.663,7.373,0.920645001406788,2.2640855141554,0.958085848521085,2.34417605519636,2.26444001134421,2.2334022778119,0.741151598851785,-0.0268721464003014,2.67680331226897,-0.318758762624413,1.8185557792978,0.528916700277655,0.0211892990699381,1.10822665637493,-0.537602002101044,2.10758303119132,2.04555766913655,2.38306097693099,1.59593690626917,2.52143884619543,2.00796103333618,0.755112266395071,2.87050339531352,2.10910586375529,2.01736728355353,2.22372950936488,1.16583762469013,1.585799009013,0.232996110392154
"61","CC012.GeniUnc","CC012-1",1,0,0,-5.124,6.241,6.8,6.238,6.857,0.875639937004168,0.565847818673518,0.181843587944773,1.79782131136402,2.45236919596034,2.41057479654233,0.606381365110605,-0.468521082957745,0.744292983122676,-2,1.70910028155117,-0.0132282657337552,-0.638272163982407,-0.508638306165727,-0.537602002101044,-0.161150909262745,2.318313817224,2.37507806472661,0.383815365980431,2.44233863962568,1.55144999797288,0.492760389026837,2.87952594503966,1.84092120019877,2.16016829295851,2.06766588197425,0.747411807886423,1.28012289630231,0.222716471147583
"62","CC012.GeniUnc","CC012-2",1,0,0,-10.107,6.681,6.212,6.789,7.437,0.594392550375427,0.334453751150931,-0.119186407719209,1.53083977861652,2.3969835082752,2.23162248410658,0.644438589467838,-0.657577319177794,0.779596491257824,-2,1.80787313200333,-0.853871964321762,0.0969100130080564,0.164352855784437,0.00860017176191757,-0.180456064458131,2.23782011079407,2.32647923638096,0.27415784926368,2.3337293231566,1.60895369927586,0.492760389026837,2.91120023678103,2.09874752882482,1.87215627274829,2.24370758666179,0.0569048513364726,1.3230457354817,-0.10790539730952
"63","CC012.GeniUnc","CC012-3",1,0,0,-14.182,6.531,6.592,6.431,6.551,0.848804701051804,0.638489256954637,0.181843587944773,1.77033644109515,2.58401443579794,2.45807857094928,0.695481676490197,-1,0.854306041801081,-2,1.66922387393081,-0.853871964321762,-0.638272163982407,-0.508638306165727,-0.537602002101044,0.0334237554869497,2.236587640757,2.26773477232186,0.290034611362518,2.40606304605758,1.69231804425928,0.292256071356476,2.89756111749759,1.92629098688486,2.02596090985638,2.00013026880523,0.462397997898956,1.37383114507383,-0.00877392430750515
"64","CC013.GeniUnc","AU8010-2",2,0,0,-1.444,4.978,4.669,5.665,6.473,1.53592674139557,2.60092935521031,0.808885867359812,0.831869774280502,1.48387245422267,1.24821856119007,0.644438589467838,-1.52287874528034,0.549003262025788,-2,1.9071963102716,-0.193820026016113,-0.638272163982407,0.784617292632875,-0.537602002101044,-0.494850021680094,1.49220145139254,1.96341001568023,0.318063334962762,2.78423203309974,1.16613397030511,-0.958607314841775,2.64840880537252,1.97248054987648,1.48600518636224,1.65791593682996,1.40122816749811,0.394451680826216,-0.356547323513813
"65","CC013.GeniUnc","AU8010-3",2,0,0,NA,3.699,7.357,6.903,7.106,1.38273726576133,0.744292983122676,-0.119186407719209,1.61616031284758,2.40160729845358,1.93125440641641,0.354108439147401,-1.52287874528034,0.652246341003323,-2,1.60444206626072,-0.853871964321762,-0.638272163982407,-0.508638306165727,-0.537602002101044,-0.958607314841775,2.14522749265239,2.45238452120628,0.469822015978163,2.19295752988466,1.9703933720796,0.346352974450639,2.96654532164507,1.03702787975578,1.7462448717202,1.8850217948623,2.07627625540422,0.756636108245848,0.495544337546448
"66","CC015.Unc","OR3154-1",1,6,0,-5.342,6.996,6.805,8.358,9.05,1.42455497660671,3.68279738232154,1.47450763911698,1.73583833431707,3.46938160953077,2.88178395559338,0.801403710017355,0.0969100130080564,2.57176704432562,-0.769551078621726,1.98993901328454,0.865103974641128,0.267171728403014,0.418301291319745,1.44059426183983,1.43759203225396,2.34014655094913,3.39189796086424,1.70901541697212,2.88288866896769,3.30767570880397,2.31906439836851,3.13386769808421,3.67137096173854,3.57217896591253,4.13690755882483,1.59372899870791,2.44785544434554,1.07224989761351
"67","CC015.Unc","OR3154-2",1,6,0,-15.365,NA,7.736,6.471,7.797,0.69196510276736,1.05269394192497,0.76715586608218,1.28891960566173,2.45470769272351,2.02452671438715,0.971739590887778,-0.619788758288394,0.904174368284164,-0.0969100130080564,2.1804699616592,0.334453751150931,1.18554215485438,0.741151598851785,0.505149978319906,0.792391689498254,2.08163530150295,2.84342589339032,0.418301291319745,2.71464823735097,2.17403071803803,0.89707700320942,2.95096816288833,2.05743786821294,2.13116938308932,2.47736728522401,1.2817149700273,1.47668674294564,0.54282542695918
"68","CC016.GeniUnc","AU8024-1",2,0,0,-37.185,5.787,6.4,6.47,6.715,1.23223352111473,1.20951501454263,-0.119186407719209,2.89658132750573,2.46161856395402,1.8139144200486,1.23704079137919,-1.09691001300806,1.54294984881418,-0.0222763947111523,2.42068171770385,0.367355921026019,0.827369273053825,0.164352855784437,0.66838591669,1.19284611518884,2.21194774367943,2.57611089412084,0.465382851448418,2.68875787053188,2.00987563371216,0.453318340047038,2.9571809233867,1.82968964089897,1.88626505902976,2.1561249468226,1.86093662070009,1.07990446766672,0.103803720955957
"69","CC016.GeniUnc","AU8024-2",2,0,0,-30,5.756,6.533,6.681,7.065,0.503790683057181,0.436162647040756,-0.119186407719209,2.38760336128456,2.18092831999399,1.56145917124192,0.564666064252089,-1.52287874528034,1.53478735862949,-2,1.68133170596917,-0.853871964321762,-0.638272163982407,-0.508638306165727,-0.537602002101044,0.176091259055681,2.14410697304932,1.94344504902503,0.663700925389648,2.60287353102618,1.82360462835516,0.155336037465062,2.92129100948823,1.51375015008182,1.56820172406699,1.84404204204102,1.76177753750818,1.00216606175651,-0.0604807473813815
"70","CC016.GeniUnc","AU8024-3",2,0,0,2.607,5.55,5.608,6.045,6.443,1.18412335423967,0.890979596989689,0.494154594018443,2.12185518216685,2.21034527775002,1.45224657452044,1.04610478724604,-1.52287874528034,1.03422726077055,-0.769551078621726,2.21814146815768,0.367355921026019,0.846337112129805,0.164352855784437,0.505149978319906,0.694605198933569,2.24936959469152,2.1465931020963,0.423245873936808,2.47124769249561,1.71298623359438,0.271841606536499,2.92647106930745,1.50582803385484,1.71365851620836,2.05918461763137,1.93986854445951,0.853089529851866,0.173186268412274
"71","CC017.Unc","OR3032-1",1,9,0,NA,7.117,8.156,8.326,9.269,1.48043814717782,3.98998034729827,1.17840134153376,1.68033551341456,3.45417385217772,2.65735229635022,0.176091259055681,0.152288344383056,2.44701841424766,-0.769551078621726,1.70113606609253,0.652246341003323,-0.638272163982407,0.164352855784437,0.392696953259666,0.598790506763115,2.49243908778878,3.34170748041651,1.42618582524451,2.64563838024455,3.27784062357872,2.15354048643802,3.09841873415025,3.81721951496767,3.52524181536445,4.1219362009232,1.39480177716271,2.42706394371579,0.75815462196739
"72","CC017.Unc","OR3032-3",1,9,0,NA,6.944,7.915,8.373,8.941,1.73335778792559,3.9813038512055,1.8342935124427,1.1846914308176,3.52823517149726,2.80856879759746,0.564666064252089,0.170261715394957,3.26695100377472,-2,1.89894446686651,0.720985744153739,-0.638272163982407,0.923244018630276,0.66838591669,0.744292983122676,2.36962397664063,3.90906690519178,1.61679048632972,2.86645865957387,3.37352436791786,2.0643831044122,3.07434826166772,3.7103670338244,4.23833470008216,4.14662191982503,1.56371833996568,2.55418619906938,0.981365509078544
"73","CC018.Unc","AU3609-2",1,3,0,5.749,8.215,7.863,7.064,7.976,1.26623169668989,2.2895889525426,0.928395852256714,0.720159303405957,2.1978316933289,1.68930885912362,0.959518376972998,-0.698970004336019,1.81914894280713,0.103803720955957,1.8185557792978,-0.0132282657337552,0.612783856719735,0.418301291319745,0.00860017176191757,2.1226745132062,1.93237228214791,2.65404170669743,0.815577748324267,2.73306077404507,2.3808621953412,0.775974331129369,2.78573546168139,2.36679638328673,2.60937026824727,2.9646367037885,2.05514888988939,1.41463914673701,0.991226075692495
"74","CC018.Unc","AU3609-3",1,3,0,0.962,7.924,6.757,7.004,8.179,1.22479195649268,2.53507881868985,1.02036128264771,1.00560944536028,2.44605538603195,2.11909085242172,0.90036712865647,-0.3767507096021,2.37289360027166,-2,1.83218946106851,0.217483944213906,0.846337112129805,-0.508638306165727,0.505149978319906,1.04805317311561,2.14786174848724,2.76890436715991,1.30749603791321,2.64859417407893,2.6046795567243,0.6232492903979,2.85543434790741,2.54363353257626,2.79158539527757,3.11727461086816,2.24743312956304,1.65214960540165,0.888179493918325
"75","CC019.TauUnc","IL16513-1",1,0,0,12.184,7.584,7.605,7.201,7.18,0.833147111912785,1.23375736296551,0.629409599102719,1.35179630689702,2.55971515827145,1.67559505638675,1.50799072481969,-0.130768280269024,1.06107532362979,0.844477175745681,2.32947923838749,1.05918461763137,1.37602918172818,-0.508638306165727,1.45239984591144,1.48557947698468,1.73013600399668,2.80475941028775,0.903632516084238,2.55790402105757,1.93991842036906,0.292256071356476,2.73482382309632,1.94753174569559,2.07551046452441,2.49478052900343,1.22271647114758,1.51600623038605,0.702430536445525
"76","CC019.TauUnc","IL16513-2",1,0,0,3.531,7.697,7.907,6.892,7.515,1.07481644064517,1.01325866528352,0.535294120042771,1.1102529173534,2.52375946944571,1.73583833431707,1.06929801211553,-0.886056647693163,0.591064607026499,0.198657086954423,2.20736503746907,0.426511261364575,0.528916700277655,-0.508638306165727,-0.537602002101044,0.77232170672292,1.87915324618425,2.62946056964229,0.644438589467838,2.3330036847557,1.46508528755743,-0.958607314841775,2.74971313197082,1.89525675314489,2.04410838744612,2.25491044215453,1.4360035356699,1.36810085170935,0.419955748489758
"77","CC019.TauUnc","IL16513-3",1,0,0,4.029,6.713,7.155,7.176,7.813,1.36903022180915,1.25285303097989,0.8208579894397,1.32837960343874,2.53797012775847,1.7626035495668,1.06595298031387,-1.52287874528034,1.06333335895175,-0.193820026016113,2.30300155365584,0.217483944213906,1.05346260492546,-0.508638306165727,-0.537602002101044,1.37106786227174,1.89086793881144,2.79213944526948,0.831229693867063,2.34153344144041,1.93237228214791,-0.00436480540245009,2.77032907136552,1.94309862300549,2.04890770148377,2.3125370031073,1.49317912068252,1.44247976906445,0.657055852857104
"78","CC021.Unc","OR1566-1",2,0,0,1.36,4.332,6.633,7.093,7.176,1.88862872538523,1.20520436394814,0.912222056532416,1.19506899646859,2.43261658390379,2.12778487636217,1.04257551244019,-0.42021640338319,1.3174364965351,-0.0969100130080564,1.77749931959037,0.296665190261531,0.784617292632875,0.164352855784437,0.00860017176191757,0.359835482339888,2.34325099805436,2.71997727519544,0.862131379313037,2.75835163934082,2.54154180315326,0.46686762035411,2.92893326631545,2.4227867541518,2.62214146174089,2.66992093868144,1.858897957232,1.42764837118693,1.13861843389949
"79","CC021.Unc","OR1566-2",2,0,0,-7.014,5.646,6.43,5.847,7.066,NA,NA,NA,NA,NA,NA,NA,NA,NA,NA,NA,NA,NA,NA,NA,NA,NA,NA,NA,NA,NA,NA,NA,NA,NA,NA,NA,NA,NA
"80","CC021.Unc","OR1566-3",2,0,0,-1.773,4.07,4.714,6.697,6.257,1.87488751084611,1.5081255360832,-0.119186407719209,0.724275869600789,2.18667386749975,1.60906054993009,0.606381365110605,-0.0705810742857073,1.67412598274271,-2,1.49387611085282,-0.508638306165727,-0.638272163982407,-0.508638306165727,-0.537602002101044,0.161368002234975,2.13331531689885,2.60981843458286,0.850033257689769,2.78010839722333,2.2348208798074,0.346352974450639,2.86791510487533,2.1293998361359,2.27388055151121,2.66360670812452,1.75097098443732,1.00216606175651,1.47755533219898
"81","CC022.GeniUnc","AU8046-1",2,0,0,5.62,6.919,6.427,6.366,6.104,1.59150980899465,0.521138083704036,0.181843587944773,0.810232517995084,1.9129125511761,-0.366531544420413,1.06295783408451,-0.161150909262745,0.863322860120456,-2,1.92074926127571,-0.327902142064283,0.846337112129805,-0.508638306165727,0.505149978319906,-0.275724130399211,1.7300551523755,1.94507448847873,0.0334237554869497,2.50712694037055,1.27114431794908,0.181843587944773,2.57965786159373,1.61531865661148,1.48995847942483,2.02160271602824,1.37966803403365,0.650307523131936,1.04688519083771
"82","CC022.GeniUnc","AU8046-2",2,0,0,10.055,6.079,5.815,6.815,7.105,2.06520612805431,0.824776462475546,-0.119186407719209,0.57287160220048,1.5449357658815,0.695481676490197,0.762678563727436,-1.52287874528034,0.503790683057181,-2,1.98993901328454,-0.508638306165727,-0.638272163982407,-0.508638306165727,-0.537602002101044,-0.744727494896694,1.82125143154594,2.073864922903,-0.1249387366083,2.41946007278607,1.25527250510331,0.127104798364808,2.73381495271786,1.73679475492436,1.54157924394658,2.18760531541815,1.01494034979294,0.764922984649889,0.745855195173729
"83","CC022.GeniUnc","AU8046-3",2,0,0,-17.69,7.677,8.69,6.355,6.722,NA,NA,NA,NA,NA,NA,NA,NA,NA,NA,NA,NA,NA,NA,NA,NA,NA,NA,NA,NA,NA,NA,NA,NA,NA,NA,NA,NA,NA
"84","CC023.GeniUnc","AU8043-1",1,7,1,-30,7.522,7.287,8.283,8.76,1.83683028648888,4.00030389978481,1.64855515566267,1.76380222407459,3.81428889171002,3.19750660815907,0.564666064252089,0.0718820073061254,3.27965325808233,-2,1.90859223884757,1.79232163635157,-0.638272163982407,0.859738566197147,0.594392550375427,0.841359470454855,2.45587983718473,3.97492184511193,2.30373588903991,3.00208827070363,3.17764614183819,2.09853989799286,3.21240869193552,3.72866457693047,4.43838932993257,4.14861252502307,0.858537197569639,2.58731801451407,1.94816836172713
"85","CC023.GeniUnc","AU8043-2",1,7,1,-28.302,7.672,7.353,8.539,8.955,1.63265971329391,3.96408323592519,1.29225607135648,1.48201557645071,3.85699276943275,3.23995980536463,0.662757831681574,0.103803720955957,3.56371952591294,0.103803720955957,1.88761730033574,1.42127479121035,-0.638272163982407,0.577491799837225,1.53681086599154,1.30920417967041,2.43557364356611,3.91673443850911,2.21023823616173,2.90344270798498,3.16393025423645,1.83410265571279,3.11089932930354,3.68920493574091,4.43838932993257,4.1613769875451,1.41813549842523,2.58882053229321,1.89019738621003
"86","CC023.GeniUnc","AU8043-3",1,7,1,NA,NA,NA,NA,NA,1.21774707326279,2.6806708514704,1.04139268515823,2.00216606175651,2.81804104811983,2.21055928181072,1.12580645813953,-0.698970004336019,2.56661423823912,-0.193820026016113,2.26088195046359,0.426511261364575,0.91487181754005,0.784617292632875,0.955687750313506,3.03789639729661,2.33655979017472,3.22303622299757,1.36586221540256,2.41220846588168,2.20509604757848,1.09586645347854,2.87859646934907,2.7788961500548,2.63098691077022,3.68499249435274,1.20682587603185,1.87168966568552,1.22427401429426
"87","CC024.GeniUnc","AU8004-1",1,0,0,12.37,6.312,6.74,7.21,7.789,1.2137832993353,1.54691264318124,0.571708831808688,0.939019776448666,2.50026392620088,1.51428204786038,0.517195897949974,0.20682587603185,1.69037330691606,-2,1.71933128698373,-0.853871964321762,-0.638272163982407,0.164352855784437,-0.537602002101044,0.9237619608287,2.07003786660776,2.66237057051219,0.77887447200274,2.32506389356489,1.60227708430019,0.94299959336604,2.87588275018178,2.33603924537104,2.18012587516405,2.53721443854413,1.29972515397564,1.58489634413745,0.264817823009536
"88","CC024.GeniUnc","AU8004-2",1,0,0,9.359,7.107,7.246,7.433,7.76,1.48187241031066,2.6748060470343,0.181843587944773,0.751279103983342,2.55396793625838,1.83550032786732,0.575187844927661,0.713490543093943,1.99821573237096,-2,2.10383791602561,0.117271295655764,0.419955748489758,-0.508638306165727,-0.537602002101044,1.470116353151,1.96255873579596,2.84348194303996,0.992995098431341,2.51605917375828,1.8546096380958,0.933487287848705,2.83052451409726,2.66595602945396,2.5152113043278,3.41493492791343,1.69319914515372,1.6605809124273,0.481442628502305
"89","CC025.GeniUnc","AU8008-2",1,8,0,NA,7.079,7.118,8.394,9.413,2.02308776699545,3.95210390146456,1.71483251243333,1.23223352111473,3.58213498148877,2.45356294409851,0.983626287124535,0.252853030979893,3.49900074010565,0.793790384690819,1.74099393158489,1.96773513178388,-0.638272163982407,1.00302947055362,1.07736790528416,0.786751422145561,2.23269123534846,3.87112498435444,2.31099052713458,2.96563436833841,3.57768018303492,2.29457643920162,3.22134119719314,3.76881784864336,4.43838932993257,4.16116098912069,1.21138755293686,2.57620309123018,1.3773062510682
"90","CC025.GeniUnc","AU8008-3",1,8,0,NA,7.09,7.511,8.698,9.125,1.38003024796783,3.82971535325101,1.33183204443625,1.12090281761453,3.63558326123142,2.47858092374228,0.932980821923198,0.139879086401236,3.08050382830321,-0.481486060122112,1.78731875662455,1.54007908880417,-0.638272163982407,0.418301291319745,-0.537602002101044,0.793790384690819,2.20983659506966,3.62344674608946,1.93003161495097,2.71623713157241,3.30618905040043,2.45285933579585,2.98305316354662,3.88591560937608,4.43838932993257,4.16921580267368,1.19005141775921,2.60972243786524,1.50555693866382
"91","CC027.GeniUnc","CC027-1",3,6,0,-29.447,8.077,8.624,8.19,8.786,1.81277970700896,4.02562040997375,1.56002624891289,1.17580163284828,3.53041359000243,3.01007511712514,0.679427896612119,0.130333768495006,3.26066038805081,-0.318758762624413,1.92865184665369,0.687528961214634,-0.638272163982407,1.00302947055362,0.879095879500073,0.923244018630276,2.27464269469933,3.58167550804934,1.90433679220249,2.94437408495573,3.31386932858968,1.93886982151299,3.09443269380097,3.74740714638217,3.38439284478081,4.13520964035057,1.40449161775869,2.0972225925199,1.62889956442061
"92","CC027.GeniUnc","CC027-2",3,6,0,-28.035,7.756,7.923,8.301,9.88,1.62592949271629,3.98302110044526,1.92793468174118,1.25285303097989,3.555934400878,3.51400820186168,0.201397124320452,0.190331698170291,3.53813117141727,-2,1.81324730089761,0.505149978319906,-0.638272163982407,1.10822665637493,1.1034616220947,0.704150516839799,1.95947070207511,3.43072149874487,1.95818149756495,2.86162400845559,3.26486266632015,2.18218631673954,3.07298841574075,3.79528967066555,3.18146341392271,4.11922981762603,1.00086772153123,2.09342168516224,1.63002085111341
"93","CC028.GeniUnc","AU8016-1",2,0,0,-5.432,5.217,5.776,6.466,7.244,0.949390006644913,0.656098202012832,-0.119186407719209,2.00423536635947,2.00030389978481,1.4996870826184,0.8750612633917,-1.52287874528034,1.25406445291434,-2,2.01131664336687,-0.853871964321762,-0.638272163982407,-0.508638306165727,-0.537602002101044,1.60916737430202,1.89641597647312,2.44572871430711,0.217483944213906,2.37023543728318,1.37948681371727,0.424881636631067,2.66500843312921,1.8285310066451,1.95631253084119,2.10588470866923,1.47914324797861,0.956168430475363,0.562292864456475
"94","CC028.GeniUnc","AU8016-2",2,0,0,-9.106,5.758,5.66,6.954,6.84,0.69196510276736,0.862727528317975,0.181843587944773,1.79546289439038,2.30254737248749,1.63608651510307,1.43584436598444,-1.52287874528034,0.924279286061882,0.625312450961674,2.2723986324554,0.9698816437465,1.22530928172586,-0.508638306165727,1.12775251583297,1.69170020829016,1.42390091852842,2.5386868166045,0.3654879848909,2.70401316880516,1.48401496266756,0.380211241711606,2.51763129415258,1.87581338883976,1.77136697085778,2.36761679213468,1.54777470538782,0.92531209149965,0.710117365111816
"95","CC028.GeniUnc","Au8016-3",2,0,0,-13.264,5.366,5.458,6.78,6.845,2.2001114596238,1.78031731214015,1.00902574208691,1.4848690327204,2.40886720338682,1.96132615593471,1.10890312766731,-0.3767507096021,1.74942709912175,-2,1.89187183044558,0.367355921026019,0.971739590887778,0.418301291319745,-0.537602002101044,2.33529739270201,2.1532354186523,2.85408732098075,1.06707085604537,2.72316823654289,2.53756725715268,0.79657433321043,2.83420445640637,2.33108296396103,2.67946423772606,2.50487845941022,2.29920211760342,1.42488163663107,1.70722941932729
"96","CC029.Unc","CC029-1",3,0,0,11.151,7.389,6.194,5.889,5.788,1.21218760440396,-0.236572006437063,-0.119186407719209,1.72713442376049,1.75868484988244,1.71121652432109,0.662757831681574,-1.52287874528034,0.896526217489555,-2,2.12244525628196,-0.508638306165727,-0.638272163982407,-0.508638306165727,-0.537602002101044,-0.744727494896694,2.06855689507236,2.18520206518789,-0.00877392430750515,2.57599562020327,1.95904139232109,0.409933123331295,2.86893230548074,1.49762064978129,1.75845768861047,1.65791593682996,1.87326245943873,0.778151250383644,0.374748346010104
"97","CC029.Unc","CC029-2",3,0,0,-9.679,6.327,6.978,5.509,5.799,1.19672872262329,-0.522878745280338,-0.119186407719209,1.76125107430866,1.66791968531736,1.82026715716096,0.294466226161593,0.0827853703164501,-0.214670164989233,-2,1.74780009086437,-0.193820026016113,-0.638272163982407,-0.508638306165727,-0.537602002101044,-0.744727494896694,1.96562496710924,2.13081605003474,0.0606978403536116,2.62203778181251,2.09509957964561,0.492760389026837,2.91819290453,1.53957788334531,1.88941376404271,1.55750720190566,1.98054873935977,0.994756944587628,0.385606273598312
"98","CC029.Unc","CC029-3",3,0,0,1.376,6.389,5.839,5.623,5.928,1.03261876085072,-0.443697499232713,-0.119186407719209,1.62138402848165,1.98362628712453,1.59769518592551,1.17055505852121,-0.468521082957745,1.04571405894087,-0.0222763947111523,2.18960259252158,0.480006942957151,0.898725181589494,-0.508638306165727,1.12775251583297,-0.657577319177794,2.0068937079479,2.03282014943856,0.130333768495006,2.58668855324005,2.05812221578291,0.517195897949974,2.90480207105113,1.5817221599491,1.88626505902976,1.766264090652,1.90308998699194,0.966141732739033,0.184691430817599
"99","CC030.GeniUnc","AU8034-1",2,6,0,-42.988,7.389,8.631,5.41,7.422,0.674861140737812,0.40823996531185,-0.119186407719209,0.404833716619938,1.07114529045108,-0.366531544420413,-0.193820026016113,-1.52287874528034,-1,-2,1.81504617606463,-0.853871964321762,0.680335513414563,-0.508638306165727,-0.537602002101044,-2,1.63998424804159,2.01703333929878,0.107209969647868,2.60934891545303,1.53567380342575,0.227886704613674,2.48915661386919,1.73846343946195,1.35044185653506,1.65791593682996,1.50037371435337,-0.0915149811213502,0.682145076373832
"100","CC030.GeniUnc","AU8034-2",2,6,0,-7.328,6.199,6.099,4.954,5.79,1.54691264318124,3.99908702262589,2.04948937193356,1.32633586092875,3.15268270041159,2.34492253585384,0.465382851448418,0.276461804173244,3.17560167809031,-2,1.79309160017658,1.81277970700896,-0.638272163982407,0.859738566197147,0.835056101720116,0.193124598354462,1.90482369980094,3.38820603087531,2.36711354317764,3.0664861933206,3.62704411369842,1.88229680093765,2.96788012189286,3.70850163230912,3.61337346125318,4.11299354804355,1.38685552918472,2.23289450915601,1.67559505638675
"101","CC031.GeniUnc","CC031-1",3,3,0,-16.41,6.653,6.638,NA,6.442,1.02978947083186,3.9659599952978,1.75511226639507,1.39040515648008,3.71517656245092,3.30548249798215,0.585460729508501,0.00432137378264258,2.88372955443568,-0.0222763947111523,1.9516774373433,1.0948203803548,-0.638272163982407,0.577491799837225,0.879095879500073,0.204119982655925,1.9106244048892,3.42201499597946,1.85684967872517,2.62046919871003,3.13000873027908,1.92069713446992,2.9448625136654,3.73209206166432,3.20548315431889,4.11993583941169,1.07003786660776,2.1745830891776,1.45024910831936
"102","CC031.GeniUnc","CC031-2",3,3,0,-7.969,6.357,6.632,6.29,6.144,1.18041263283832,0.285557309007774,-0.119186407719209,1.91698004732038,2.80691222825618,2.04579223272956,0.552668216112193,-1.22184874961636,0.713490543093943,-2,1.71933128698373,0.0569048513364726,-0.638272163982407,-0.508638306165727,-0.537602002101044,-0.0506099933550872,1.98086655458208,2.33905373570914,0.394451680826216,2.47554044455474,1.73719264270474,0.46686762035411,2.9616014193601,1.83872319003137,2.07707706684576,1.84404204204102,1.51547644138238,1.35717225772303,0.409933123331295
"103","CC032.GeniUnc","AU8002-1",1,6,0,-22.372,7.452,7.805,8.655,8.296,1.54530711646582,3.48582076353083,1.1300119496719,1.77107278322119,3.7791684787091,3.22722319223958,0.644438589467838,0.367355921026019,2.98249284762829,-0.481486060122112,1.79685174904989,1.27300127206374,-0.638272163982407,0.923244018630276,1.12775251583297,0.906335041805091,2.50293213743155,3.37712221987313,1.77713671250417,2.86623415691193,3.2515433222108,2.19904173446148,3.1802836153154,3.7533386516154,4.43838932993257,4.16956099727649,1.39410130204004,2.57606478822538,1.5910646070265
"104","CC032.GeniUnc","AU8002-2",1,6,0,-27.056,6.978,6.929,8.447,8.566,1.52205280086882,3.32076300333733,1.25406445291434,1.9899834583014,3.54447237036795,3.07792359193493,0.585460729508501,-0.161150909262745,2.90410938170421,-2,1.69284691927723,0.551449997972875,-0.638272163982407,0.577491799837225,0.505149978319906,1.13703745478951,2.25626060651221,3.4018122359854,1.4996870826184,2.63890837346519,2.75433304338256,2.03265904603992,2.89828078949374,3.67602199131504,3.62927704769679,4.07478500068105,1.34830486304816,2.32496115303735,1.04178731897175
"105","CC033.GeniUnc","AU8033-1",2,4,0,-30,8,9.964,8.398,7.094,1.95317960106563,3.99337846769489,1.60075514963962,1.29114676173189,3.52472577513154,3.03576983568413,0.975891136401793,0.301029995663981,3.83274515573169,-0.0222763947111523,1.82711068746601,1.97510998968616,-0.638272163982407,1.1430148002541,1.21404867941194,1.23929947912689,2.29933293576252,3.80560890860123,2.39211633381601,3.01533041019606,3.39434659686831,2.01038477149838,3.05451346944943,3.85988610528039,4.43838932993257,4.16921580267368,0.956648579205203,2.38669511177562,1.49996186559619
"106","CC033.GeniUnc","AU8033-3",2,4,0,-10,7.161,7.187,5.605,5.642,1.05956341790127,0.57287160220048,0.494154594018443,1.92453771777549,1.83346586017069,1.79091819521458,1.19479175772192,-1.52287874528034,0.60422605308447,-2,2.35447340058581,0.633468455579587,0.944482672150169,-0.508638306165727,1.02077548819356,0.403120521175818,2.22636787585649,2.26625522229765,0.3654879848909,2.42245851403194,1.89170467623918,0.755112266395071,2.80507927241269,1.19672872262329,0.271841606536499,2.02160271602824,1.29928933408768,0.840733234611807,0.521138083704036
"107","CC034.Unc","CC034-1",3,0,0,2.174,5.7,7.174,5.72,5.86,0.938519725176492,-0.236572006437063,-0.119186407719209,1.4782778319196,2.02448566769917,1.82639878218762,1.21774707326279,-0.585026652029182,1.05115252244738,-0.0222763947111523,2.2088174387746,0.426511261364575,0.864511081058392,-0.508638306165727,0.00860017176191757,-0.0268721464003014,1.74028371968188,2.13392194042377,0.346352974450639,2.59547417586085,1.62211036036122,0.346352974450639,2.77426142321932,1.35140975192544,1.5321171162488,1.8206611346436,1.91222205653242,0.845098040014257,0.442479769064449
"108","CC034.Unc","CC034-2",3,0,0,1.707,5.72,6.999,5.903,5.985,1.02694162795903,0.170261715394957,0.383815365980431,1.62448836251345,2.36453223492796,1.97731197339693,1.50256366910736,-0.657577319177794,0.761927838420529,0.549003262025788,2.24370758666179,0.959041392321094,1.12057393120585,0.309630167425899,1.17289469775218,0.103803720955957,1.66885164808252,2.34742759861854,0.525044807036845,2.70139526901392,1.73247417728119,0.583198773968623,2.7443086330923,1.26599637049508,1.59483435558332,2.07587529525983,2.0671452788854,1.04060234011407,0.48572142648158
"109","CC034.Unc","CC034-3",3,0,0,2.6,5.712,7.116,5.544,6.27,1.07224989761351,0.24551266781415,0.865696059916071,2.18264286814233,2.45236919596034,2.27473498487274,0.831869774280502,-1.52287874528034,1.39058187855044,-0.481486060122112,1.96637642308892,0.720985744153739,1.02077548819356,-0.508638306165727,0.879095879500073,0.15836249209525,1.73671513360561,2.15008068623349,0.580924975675619,2.61573968861916,1.79719826983896,0.492760389026837,2.82606832064526,1.42667388802137,1.58183592405765,1.97644168937884,2.15588235808182,1.20628604441243,0.187520720836463
"110","CC035.Unc","OR5035-1",2,0,0,1.938,5.29,5.865,6.672,6.616,0.68304703823885,0.136720567156407,-0.119186407719209,1.50023647482564,1.90558002823524,0.578639209968072,1.01452053875792,-1.52287874528034,0.264817823009536,-2,2.21885047765768,0.426511261364575,0.574031267727719,-0.508638306165727,-0.537602002101044,-0.397940008672038,1.69143515214406,1.99668675560017,-0.0555173278498314,2.63054990784985,1.32878720035453,0.380211241711606,2.69996773469381,1.5532760461371,1.69731654173238,1.90308998699194,1.65991620006985,0.469822015978163,0.271841606536499
"111","CC035.Unc","OR5035-2",2,0,0,3.077,NA,6.395,6.699,6.209,1.17435059747938,0.644438589467838,-0.119186407719209,1.98587535730839,2.11614265385379,1.23401081758718,0.854306041801081,-1.52287874528034,0.531478917042255,-2,1.98766626492627,-0.0132282657337552,-0.638272163982407,-0.508638306165727,-0.537602002101044,0.00860017176191757,2.01994668167884,2.40050345167815,0.525044807036845,2.50612604324247,2,0.46686762035411,2.81445403636632,2.09795107099415,2.28880794748348,1.84404204204102,2.08066255639418,0.931457870689005,0.313867220369153
"112","CC035.Unc","OR5035-3",2,0,0,-20.99,6.585,7.836,5.799,6.475,0.945960703577569,0.397940008672038,-0.119186407719209,1.28780172993023,1.70294724618156,0.416640507338281,1.09412159584056,-1.52287874528034,0.371067862271736,-2,2.46263754257238,0.296665190261531,1.30513631894364,-0.508638306165727,-0.537602002101044,0.143014800254095,1.76282855318909,1.87989832433001,0.0334237554869497,2.34504028401956,1.27114431794908,0.363611979892144,2.62485939583965,1.71625382589604,1.71365851620836,1.9198100201702,1.54282542695918,0.547774705387823,0.404833716619938
"113","CC037.TauUnc","CC037-1",3,3,0,0.487,6.683,7.045,8.176,6.875,1.03261876085072,3.99063805076238,1.81331405894583,1.38667728396084,3.67323938251117,3.3230539919523,0.662757831681574,0.0791812460476248,2.94757584919226,-2,1.8563058664333,0.959041392321094,-0.638272163982407,0.693726948923647,1.31868926994775,0.173186268412274,1.88907749265006,3.42336057808498,1.89387267879508,2.65080274444812,3.14009303387336,1.94762974738435,2.86740855652279,3.76749945380022,3.24403949301018,4.14674460617127,1.09725730969342,2.14454307427279,1.66651798055488
"114","CC037.TauUnc","CC037-3",3,3,0,-24.78,6.722,7.308,8.208,8.937,0.918554530550273,0.662757831681574,0.383815365980431,1.99589832364644,2.06032002868829,1.51428204786038,1.04960561259497,-1.52287874528034,1.40483371661994,-0.769551078621726,2.1519211797999,0.117271295655764,-0.638272163982407,-0.508638306165727,-0.537602002101044,0.110589710299249,1.89795681000695,2.22461074697834,0.243038048686294,2.53721443854413,1.50201721482715,0.551449997972875,2.91124286063835,1.84849701809037,1.96595388910206,1.79483645781456,1.84267163376079,0.686636269262293,0.0681858617461616
"115","CC038.GeniUnc","AU8049-2",2,6,0,-30,8.015,8.263714397,7.389,8.261,1.47348697006457,3.95256821756161,0.894316062684438,0.539076098792777,2.2146849307506,1.45224657452044,0.741151598851785,0.161368002234975,2.56847160703324,-2,1.78540102499239,1.50297305906563,-0.638272163982407,0.418301291319745,-0.537602002101044,-0.0705810742857073,1.61066016308988,3.14513422636149,1.35237549500052,2.74810271078199,2.91583233117976,1.03981055414835,2.26399093268131,3.53191171845905,3.19362819921443,4.06294468483107,0.69284691927723,1.65657729139611,0.82020145948564
"116","CC039.Unc","OR15155-1",1,2,0,-8.402,6.409,7.438,6.255,7.586,0.656098202012832,0.974050902792877,-0.119186407719209,0.987219229908005,2.12567641038233,1.49220145139254,0.959518376972998,-1.52287874528034,0.298853076409707,-2,0.887617300335736,0.426511261364575,-0.638272163982407,-0.508638306165727,-0.537602002101044,0.338456493604605,1.84831230362728,2.46107813521686,0.459392487759231,2.74214358856429,1.64097805735833,0.363611979892144,3.02976108464394,1.7900739484263,1.52556305827007,2.10588470866923,0.428134794028789,1.14050804303818,0.0606978403536116
"117","CC039.Unc","OR15155-2",1,2,0,17.263,6.131,6.744,NA,6.771,0.755874855672491,1.77349389227097,-0.119186407719209,0.841984804590114,2.22401481137286,1.56773196254807,0.865103974641128,-1.52287874528034,1.223236273103,-2,1.50852971897129,-0.0915149811213502,-0.638272163982407,-0.508638306165727,-0.537602002101044,1.1215598441875,1.64679568877847,2.60776588822628,0.890979596989689,2.76552699489541,1.64699153747712,0.583198773968623,2.87681804567997,2.24469760129671,1.94374176583131,3.14542328669227,0.346352974450639,1.2792105126014,0.507855871695831
"118","CC040.TauUnc","IL16557-2",1,3,0,-30,6.58,7.179,7.447,8.615,1.5327543789925,2.90919753488772,1.4929000111087,1.39567578526994,3.46685724459408,2.44760760356731,0.201397124320452,-0.214670164989233,2.55779583360563,-2,0.505149978319906,0.57287160220048,-0.638272163982407,0.824125833916549,0.66838591669,3.08131129515998,2.39144677873726,3.2092844019336,1.79927160834987,2.9159746441837,2.72902702519179,1.34869419026554,3.08741580372945,3.16081954648013,3.14819840011917,3.95608338882743,2.35719133878373,2.15115525515092,1.30016053695135
"119","CC040.TauUnc","IL16557-3",1,3,0,-30,7.09,7.154,NA,9.924,1.50487845941022,3.98450301017466,1.20628604441243,1.29225607135648,3.59131508928774,2.83853427051187,0.679427896612119,-0.161150909262745,3.30426858450619,-0.481486060122112,1.96397660999661,1.31386722036915,-0.638272163982407,0.951823035315912,1.2332500095411,1.37217528611506,2.27975817280247,3.57782600902515,2.08403978066795,2.84752947430514,2.97785615916297,1.99060521142392,3.33052334785216,3.63500193553721,4.11898288438745,4.13781095644912,1.30449052777349,2.51687897177544,1.88024177589548
"120","CC041.TauUnc","IL16441-1",1,7,0,-17.731,7.279,7.013,8.236,9.513,1.56995881809659,3.94265479408961,0.997386384397313,1.51785541893003,3.95917356953634,3.1974073811693,0.859738566197147,-0.0604807473813815,3.15230057785813,-0.318758762624413,1.73870130043471,0.811575005870593,-0.638272163982407,0.951823035315912,0.879095879500073,2.04820866702415,2.54039204873838,3.59402329838872,1.97197127639976,2.92374125499629,2.91281170120337,2.32426187213307,3.40490552315673,3.78808277698656,4.43838932993257,4.15405739198704,1.46731206298055,2.58318743453908,1.84917363309883
"121","CC041.TauUnc","IL16441-2",1,7,0,-15.09,6.914,7.551,7.468,8.072,0.868644438394826,1.87863667302652,-0.119186407719209,1.63154522783431,2.82148732583564,2.76704449424367,1.14488541828714,-0.585026652029182,1.78268756823497,0.457881896733992,2.1092409685882,0.889861721258188,1.12057393120585,-0.508638306165727,1.17289469775218,1.61458086699749,1.9923767597988,2.71685439455274,0.699837725867246,2.59464664328383,1.48401496266756,0.933487287848705,2.8940888849892,2.36240706985787,2.16577833129364,3.50567353033484,1.14050804303818,1.68421679513888,0.509202522331103
"122","CC041.TauUnc","IL16441-3",1,7,0,-2.547,6.522,7.335,8.384,8.75,1.63998424804159,3.37972782014736,1.07918124604762,2.07954300740291,3.44398699028765,3.20419326366683,0.967547976218862,-0.585026652029182,2.69855288138232,0.404833716619938,1.75883622474696,0.959041392321094,-0.638272163982407,0.577491799837225,1.31868926994775,1.85955857262605,2.28771217544349,3.45168820941052,1.70901541697212,2.84393630088351,2.53509148643037,1.87989832433001,3.19553159097206,3.28259492614408,3.22498343865801,4.12088243389781,1.71340653216769,2.22510242557434,1.34478512263266
"123","CC042.GeniUnc","AU18042-2",1,0,1,-30,8.265,8.025,8.465,9.852,1.70620554188197,3.93349842346189,1.45560611258187,0.460897842756548,3.54477970389914,2.66615279506115,0.795184589682424,-0.0969100130080564,2.99670426006328,-2,1.92074926127571,1.27829620809127,-0.638272163982407,0.693726948923647,-0.537602002101044,0.795184589682424,1.84849701809037,3.62579998664907,2.19259532756921,2.90259569583736,2.95521135230995,2.04504901298896,2.40093497581085,3.73477583475573,3.24342997766006,4.13645483713592,0.75815462196739,2.16073856811258,1.36884450682582
"124","CC042.GeniUnc","AU18042-3",1,0,1,-30,8.566,8.523,8.444,9.799,1.36417563277062,3.96267706894345,1.30319605742049,0.494154594018443,3.44130385879704,2.95640857119583,0.807535028068853,-0.301029995663981,3.07118584237187,-2,1.98533664173561,1.2137832993353,0.161368002234975,0.741151598851785,0.955687750313506,1.46254772880266,1.8326366275967,3.64271967984113,2.11700599663597,2.94939488633078,2.70664951850733,1.94556705344239,2.34078110763117,3.71368286691774,3.65927331074826,4.15585687840125,0.833784374656479,2.21642983087625,1.75792718311333
"125","CC043.GeniUnc","AU8021-1",2,5,0,-4.545,6.261,6.213,6.016,5.841,1.17522180034305,0.939519252618618,-0.119186407719209,1.33243845991561,1.69010743945633,1.47668674294564,0.492760389026837,-1.52287874528034,1.04453976039241,-2,1.7609499514109,-0.853871964321762,-0.638272163982407,-0.508638306165727,-0.537602002101044,0.809559714635268,2.14367043347016,2.37694175714676,0.459392487759231,2.47393927659918,1.83078107560636,0.409933123331295,2.7973021721837,1.58759872972124,1.84054518763684,1.90308998699194,1.77771673860963,0.673020907128896,0.717670503002262
"126","CC043.GeniUnc","AU8021-2",2,5,0,-1.938,7.279,6.509,6.23,6.538,0.88930170250631,0.625312450961674,-0.119186407719209,1.80881842509212,1.73559889969818,1.7626035495668,0.585460729508501,-1.52287874528034,0.423245873936808,-2,1.6900187807887,0.117271295655764,-0.638272163982407,-0.508638306165727,-0.537602002101044,0.00860017176191757,2.17049640574485,2.30373588903991,0.332438459915605,2.57772152450902,1.93237228214791,0.380211241711606,2.84534613741141,1.32056168019524,1.43917473984347,1.73439974252057,1.6457169393696,0.829946695941636,0.33645973384853
"127","CC044.Unc","CC044-1",3,0,0,-1.202,6.544,6.856,6.742,6.938,1.46029632675748,0.260071387985075,0.571708831808688,1.72672720902657,2.2525860640654,2.0745604678029,1.13956426617585,-1.52287874528034,0.958563883221967,0.198657086954423,2.52918644442261,0.594392550375427,1.14612803567824,-0.508638306165727,1.12775251583297,0.712649701627211,2.21879799811174,2.38909517335419,0.428134794028789,2.5925653381559,1.87057946055268,0.309630167425899,2.93148329702208,2.05457475529482,2.31645262699666,2.08375337757001,1.53237213356788,1.16286299332193,0.558708570533166
"128","CC044.Unc","CC044-2",3,0,0,-0.628,6.877,7.302,7.613,7.455,1.24328614608345,-0.602059991327962,-0.119186407719209,1.24526583945746,1.63978521298682,1.3982873053574,0.942008053022313,-1.52287874528034,0.298853076409707,0.738780558484369,2.43100975033369,-0.853871964321762,0.806858029518817,-0.508638306165727,-0.537602002101044,-0.481486060122112,1.95861165776488,1.91640130360388,-0.0555173278498314,2.42304916774401,1.40260524191991,-0.42021640338319,2.76584730128996,1.42667388802137,1.45727618606133,1.55750720190566,0.795880017344075,0.469822015978163,0.523746466811564
"129","CC044.Unc","CC044-3",3,0,0,9.504,6.782,7.11,6.534,6.611,1.52917360326172,0.309630167425899,-0.119186407719209,1.42488163663107,1.97589113640179,1.98122948742,1.06295783408451,-1.52287874528034,0.92272545799326,-2,1.79685174904989,0.296665190261531,0.352182518111362,-0.508638306165727,-0.537602002101044,0.110589710299249,2.10397466938639,2.36340512374063,0.267171728403014,2.63890837346519,1.78110883572947,0.309630167425899,2.86257260828218,1.86403618272577,1.92365842179331,1.86545932266196,0.8208579894397,0.994756944587628,0.320146286111054
"130","CC045.GeniUnc","CC045-1",3,0,0,-20.524,7.903,8.183,6.347,6.732,1.50731604007641,0.783188691075258,0.383815365980431,0.552668216112193,1.81444737852249,1.13672056715641,0.885361220031512,-1.52287874528034,1.06333335895175,-2,2.34916092269295,0.0569048513364726,0.709269960975831,-0.508638306165727,-0.537602002101044,0.0170333392987804,1.73142758705095,2.2873761815526,0.0863598306747482,2.46417645642606,1.46508528755743,0.227886704613674,2.56556449074225,2.27320968340033,2.00440736417633,2.60288436793357,1.18412335423967,1.26410915630581,0.562292864456475
"131","CC045.GeniUnc","CC045-2",3,0,0,0.802,8.021,8.744,7.093,6.928,1.41962536088774,0.100370545117563,0.383815365980431,0.899273187317604,1.83346586017069,0.89707700320942,1.21085336531489,-0.3767507096021,0.967079734144497,-0.318758762624413,2.25304708571141,0.296665190261531,1.14207646107328,-0.508638306165727,0.66838591669,0.161368002234975,1.82807959055675,2.40628463792473,0.0606978403536116,2.42245851403194,1.98766626492627,0.363611979892144,2.58674479224689,1.88337748974834,1.85089118413592,2.09138554207837,1.14674801363064,0.898176483497677,0.614897216033135
"132","CC045.GeniUnc","CC045-3",3,0,0,-1.274,7.352,7.331,7.176,7.327,1.23223352111473,-0.193820026016113,-0.119186407719209,0.787460474518415,1.83960372947084,1.05614226205905,1.24748226067705,-1.52287874528034,0.695481676490197,0.432969290874406,2.34861635273833,0.528916700277655,1.55388302664387,-0.508638306165727,1.2332500095411,-0.356547323513813,1.58905553105234,2.19705990806021,0.00860017176191757,2.56902258602956,1.85131951264875,0.0681858617461616,2.49242511277609,1.89253980465864,1.68169339200456,2.02160271602824,1.14270224573762,0.563481085394411,0.453318340047038
"133","CC046.Unc","CC046-1",3,0,0,7.394,7.183,7.429,5.882,5.999,1.01994668167884,-0.0915149811213502,-0.119186407719209,0.615950051656401,1.5449357658815,0.695481676490197,0.946452265013073,-1.52287874528034,0.928907690243953,0.103803720955957,2.47280031523128,0.0569048513364726,0.8555191556678,-0.508638306165727,-0.537602002101044,-0.602059991327962,1.71899963787872,1.88229680093765,-0.0861861476162833,2.48139962691983,1.0265332645233,-0.00436480540245009,2.61470743426531,1.18298496700358,0.916980047320382,1.84404204204102,1.08600370561838,0.0644579892269184,0.517195897949974
"134","CC046.Unc","CC046-2",3,0,0,1.643,6.824,7.221,5.699,5.586,1.17695898058691,0.285557309007774,0.571708831808688,0.949390006644913,2.08824243351157,1.26197619139781,1.54924855685406,0.465382851448418,0.905795880367869,0.376576957056512,2.34594196091718,1.00130093302042,1.20057692675485,-0.508638306165727,1.42862067267194,-1.69897000433602,1.63286204010023,2.01013027721515,0.0718820073061254,2.64674671280076,1.37948681371727,0.46686762035411,2.65670176811507,1.50582803385484,1.38738982633873,2.1561249468226,1.50338206347373,0.489958479424835,0.673941998634088
"135","CC046.Unc","CC046-3",3,0,0,1.968,6.677,7.676,5.466,5.681,1.10516942799933,0.136720567156407,0.972202838379065,0.884228769632604,2.02775720469055,1.60906054993009,1.44963265047007,0.392696953259666,0.961421094066448,0.607455023214668,2.41101329048387,0.797267540830716,1.29928933408768,0.418301291319745,1.31868926994775,-0.443697499232713,1.6097011023794,1.86835049964797,0.130333768495006,2.55474348396418,1.61563446887742,0.684845361644412,2.59266520275188,1.52517442783527,1.43917473984347,2.20183393047435,1.291590825658,0.65417654187796,0.634477270160732
"136","CC047.Unc","OR5612-1",2,0,1,4.095,6.261,6.341,6.531,6.444,1.15685190107001,0.558708570533166,-0.119186407719209,0.802773725291976,2.05438320830548,1.0982975364947,0.991669007379949,-1.52287874528034,0.220108088040055,-0.193820026016113,2.49352775559078,0.397940008672038,1.24254142829838,-0.508638306165727,0.505149978319906,0.0374264979406237,1.83206161459073,2.01325866528352,0.209515014542631,2.46527872727642,0.998259338423699,0.204119982655925,2.70100640659555,1.26599637049508,1.55083960506579,1.90308998699194,1.53364497879876,0.28330122870355,0.558708570533166
"137","CC047.Unc","OR5612-2",2,0,1,-2.774,4.544,6.625,6.784,7.073,1.78074923110355,1.22582599146189,0.716837723299524,0.93601079571521,2.42204786470588,1.33585891131982,1.08813608870055,-1.52287874528034,0.919601023784111,-2,1.84849701809037,-0.0132282657337552,0.864511081058392,-0.508638306165727,0.2405492482826,0.356025857193123,1.91855453055027,2.30304478424337,0.428134794028789,2.69278525036811,1.60895369927586,0.57287160220048,2.82649592892371,2.1183308740573,2.45342537127167,2.04119523369681,1.92957217907655,0.984077033902831,1.50960570461156
"138","CC051.TauUnc","IL16912-2",1,9,0,NA,6.756,6.885,7.973,8.427,1.05192391604611,3.08843733139139,0.751279103983342,3.49805817605948,3.29831369266744,2.75382043896139,0.854306041801081,0.0170333392987804,2.29411335636204,-2,1.97831749674675,0.811575005870593,-0.638272163982407,-0.508638306165727,1.07736790528416,-0.259637310505756,2.58238157733672,2.35865806861955,1.17551181336345,2.59547417586085,3.16516713774521,1.08529057823007,3.09491113981378,3.12556909165865,2.96059443634088,3.67351024996067,1.87163130453755,2.28762260248619,0.287801729930226
"139","CC051.TauUnc","IL16912-3",1,9,0,NA,5.221,7.021,NA,8.491,0.81424759573192,3.52931996999295,1.03100428136354,3.92214341447776,3.47952924401492,3.42075754446593,0.626340367375042,0.161368002234975,2.15739631932323,-2,1.7814681428418,0.783188691075258,-0.638272163982407,0.309630167425899,-0.537602002101044,0.117271295655764,2.33191294877365,2.33589899202511,1.4884096889032,2.64191016907763,3.33963029007408,1.39005149645899,2.96757605469577,3.71416120736787,3.31183435696277,3.92332434013382,1.88694170598342,2.41962536088774,0.431363764158987
"140","CC055.TauUnc","CC055-1",3,0,0,-1.183,6.296,7.019,6.347,6.453,1.36660971039243,1.42829681398288,-0.119186407719209,2.92702114436532,2.33342712115296,1.46864266839151,0.91487181754005,-0.301029995663981,1.76034707852991,-2,2.09471563432819,0.480006942957151,-0.638272163982407,-0.508638306165727,-0.537602002101044,-0.638272163982407,2.19788676840119,2.53967817072179,1.12515582958053,2.46581395726948,2.37230430181289,0.492760389026837,2.93523007533685,2.20846823026562,2.40430334845778,1.86545932266196,1.54120469068326,1.76745271809777,0.354108439147401
"141","CC055.TauUnc","CC055-2",3,0,0,-1.82,6.546,6.932,6.531,6.525,1.29578694025161,0.702430536445525,0.383815365980431,2.8087779547038,2.38412034177388,1.42618582524451,1.04960561259497,-0.0132282657337552,1.10243370568134,-2,1.76514679010803,0.367355921026019,-0.638272163982407,-0.508638306165727,-0.537602002101044,-0.508638306165727,2.0119508660594,2.57930332146215,0.982723387668545,2.70596628941668,2.09509957964561,0.562292864456475,2.84543293802766,1.91824009022141,2.09860911930029,1.8850217948623,1.85973856619715,1.67172808823956,0.428134794028789
"142","CC055.TauUnc","CC055-3",3,0,0,-0.427,6.301,7.314,6.362,6.258,1.83346586017069,1.07298474462793,-0.119186407719209,3.23294277270691,2.32288057309831,1.64127575723191,0.826074802700826,-0.3767507096021,1.22556771343947,-2,1.8670548004767,0.367355921026019,0.267171728403014,-0.508638306165727,1.31868926994775,-1.09691001300806,2.16396598295488,2.42422807069598,1.30449052777349,2.48560787059601,2.39670485759754,0.693726948923647,2.98739809913702,2.05115252244738,2.1758595735437,1.94992644366791,1.86242955610601,1.45863784902565,0.424881636631067
"143","CC056.GeniUnc","AU8056-1",2,0,0,6.069,5.29,5.925,6.197,6.372,1.07736790528416,0.201397124320452,-0.119186407719209,0.93601079571521,1.49665293925092,1.17172645365323,0.371067862271736,-1.52287874528034,0.0211892990699381,-2,2.24504357393061,0.397940008672038,0.944482672150169,-0.508638306165727,-0.537602002101044,-0.638272163982407,1.67924614541386,1.6994908452722,-0.1249387366083,2.46746010950726,1.07845681805329,0.181843587944773,2.59745384416776,0.73559889969818,1.40942586867144,1.65791593682996,1.42634857378751,0.294466226161593,0.313867220369153
"144","CC056.GeniUnc","AU8056-2",2,0,0,-5.215,6.415,8.272,5.871,6.417,0.830588668685144,0.298853076409707,-0.119186407719209,0.824776462475546,1.39984671271292,0.578639209968072,0.465382851448418,-1.52287874528034,-1.30102999566398,-2,1.9945371042985,-0.853871964321762,-0.638272163982407,-0.508638306165727,-0.537602002101044,-1.39794000867204,1.59494473669508,1.48029446000301,-1.09691001300806,2.38333055204584,0.818225893613955,-0.00436480540245009,2.52527809662657,0.73559889969818,1.32221929473392,1.55750720190566,1.06744284277638,0.184691430817599,0.146128035678238
"145","CC056.GeniUnc","AU8056-3",2,0,0,-1.667,NA,5.968,5.607,5.93,0.936513742478893,0.309630167425899,-0.119186407719209,0.9698816437465,1.42926766643317,-0.0655015487564323,0.775974331129369,-1.52287874528034,-1.30102999566398,-2,1.94664873390668,-0.853871964321762,0.630427875025024,-0.508638306165727,-0.537602002101044,-1.22184874961636,1.4782778319196,1.24551266781415,-0.958607314841775,2.50410369791127,0.967547976218862,0.127104798364808,2.37117873181629,0.73559889969818,0.271841606536499,1.20411998265592,1.02530586526477,0.230448921378274,0.48572142648158
"146","CC057.Unc","OR3393-1",2,0,0,-18.351,7.29,5.783,6.301,6.661,0.868644438394826,1.2135177569963,-0.119186407719209,1.26410915630581,2.11614265385379,1.55509444857832,0.606381365110605,-1.52287874528034,0.944482672150169,-2,1.75883622474696,-0.853871964321762,-0.638272163982407,-0.508638306165727,-0.537602002101044,1.01703333929878,1.97621237711738,2.3047489594871,0.434568904034199,2.49904065744722,1.97913846954681,0.424881636631067,2.85501006051224,2.05933617738929,1.7701152947871,2.41570768667486,1.3236645356081,0.94101424370557,0.322219294733919
"147","CC057.Unc","OR3393-2",2,0,0,3.093,4.322,4.993,7.301,7.031,NA,NA,NA,NA,NA,NA,NA,NA,NA,NA,NA,NA,NA,NA,NA,NA,NA,NA,NA,NA,NA,NA,NA,NA,NA,NA,NA,NA,NA
"148","CC059.TauUnc","CC059-1",3,0,0,-2.625,6.488,6.268,5.989,6.286,1.22479195649268,0.436162647040756,-0.119186407719209,2.45336421380184,2.22567104308114,1.9850670331505,0.606381365110605,-1.52287874528034,0.503790683057181,-2,1.81150797994533,-0.853871964321762,-0.638272163982407,-0.508638306165727,-0.537602002101044,-0.130768280269024,2.05739981726606,2.16491766610096,0.28330122870355,2.38719399369687,1.32878720035453,0.755112266395071,2.85687987056236,1.54654266347813,1.96477802202238,1.65791593682996,2.03985017774966,1.33645973384853,0.0606978403536116
"149","CC059.TauUnc","CC059-2",3,0,0,1.504,5.577,6.967,5.371,5.806,1.87771680086498,0.783188691075258,-0.119186407719209,2.07379164280801,2.04680721355374,1.86421433046133,0.711807229041191,-1.52287874528034,0.563481085394411,-2,2.23350376034113,-0.508638306165727,0.806858029518817,-0.508638306165727,-0.537602002101044,-0.356547323513813,1.95021876664186,1.92757565469111,0.0606978403536116,2.25640501833417,1.12450422483428,0.717670503002262,2.78753131612723,1.74004672405149,1.73774907389156,1.8850217948623,1.72246938588403,1,0.190331698170291
"150","CC059.TauUnc","CC059-3",3,0,0,-14.59,5.923,6.759,6.224,6.267,1.38381536598043,0.960470777534299,0.571708831808688,2.70299888335918,2.27724237278136,1.91745299192966,0.585460729508501,-1.52287874528034,0.912222056532416,-2,1.70380706527433,-0.853871964321762,-0.638272163982407,-0.508638306165727,-0.537602002101044,0.0492180226701817,2.12917410296777,2.51049139029397,0.574031267727719,2.31993843998031,1.58849580100721,0.775974331129369,2.89240072806286,1.57875378442643,1.88052777819881,1.55750720190566,1.98358118670579,1.41995574848976,0.503790683057181
"151","CC060.Unc","CC060-1",3,0,1,-3.32,5.455,6.235,6.347,6.351,1.20817252666712,0.436162647040756,-0.119186407719209,1.69565675993619,2.56312496033804,1.34693946269899,0.201397124320452,-1.09691001300806,0.60422605308447,-2,1.44075170047919,-0.853871964321762,-0.638272163982407,-0.508638306165727,-0.537602002101044,-0.568636235841013,2.01944863749364,2.2143669215966,0.346352974450639,2.42543639540901,1.46508528755743,0.912753303671323,2.94819282833269,1.76477371691104,2.02027839411193,1.49415459401844,2.16852694619269,1.04296907339318,-0.0915149811213502
"152","CC060.Unc","CC060-2",3,0,1,9.798,5.455,6.525,5.917,5.909,1.48727981644307,0.309630167425899,-0.119186407719209,1.79140991566716,2.29083564660081,1.56773196254807,0.404833716619938,-0.42021640338319,0.0569048513364726,-2,1.67228262478892,-0.853871964321762,-0.638272163982407,-0.508638306165727,-0.537602002101044,-0.0915149811213502,2.14113609012074,2.45514952117983,0.61066016308988,2.54928533913167,1.93741758147714,1.06295783408451,3.00850649029981,2.01224651998507,2.24802233641235,1.84404204204102,2.43866890068674,1.35755371974308,0.326335860928751
"153","CC060.Unc","CC060-3",3,0,1,-0.377,5.267,5.827,5.948,5.816,NA,NA,NA,NA,NA,NA,NA,NA,NA,NA,NA,NA,NA,NA,NA,NA,NA,NA,NA,NA,NA,NA,NA,NA,NA,NA,NA,NA,NA
"154","CC061.GeniUnc","AU8048-1",2,0,0,8.295,5.342,6.034,5.724,5.638,0.532754378992498,-0.602059991327962,0.494154594018443,1.41313205043487,1.47070442972279,1.13672056715641,0.334453751150931,-1.52287874528034,0.298853076409707,-2,1.80611211016909,-0.0915149811213502,-0.638272163982407,-0.508638306165727,-0.537602002101044,-2,1.83167784919147,1.77706415474243,0.190331698170291,2.64116662430461,1.20411998265592,0.127104798364808,2.89231169566271,1.61002102466415,1.8077379220141,1.20411998265592,1.69661845923222,0.703291378118661,0.419955748489758
"155","CC061.GeniUnc","AU8048-2",2,0,0,10.452,5.531,5.726,5.618,5.882,0.374748346010104,-0.00877392430750515,-0.119186407719209,1.65398390737407,1.77334754198082,1.41713940972733,1.25959387888595,-1.52287874528034,0.64640372622307,-2,2.11981654593722,-0.193820026016113,-0.638272163982407,-0.508638306165727,-0.537602002101044,-0.508638306165727,1.75823040845775,1.9649663748311,0.305351369446624,2.60287353102618,1.22193559982801,-0.193820026016113,2.89743463970793,1.52517442783527,1.51188336097887,1.79483645781456,1.63235604623907,0.953276336667304,0.0899051114393979
"156","CC061.GeniUnc","AU8048-3",2,0,0,6.701,4.477,5.186,5.423,6.795,0.711807229041191,0.528916700277655,-0.119186407719209,1.73973052856472,1.66332393362821,1.47668674294564,0.606381365110605,-1.52287874528034,1.07809415040641,-2,1.82203724807259,-0.853871964321762,-0.638272163982407,-0.508638306165727,-0.537602002101044,-0.301029995663981,1.86993541064686,1.98502208210954,0.450249108319361,2.5081255360832,1.40260524191991,0.271841606536499,2.93156973542135,1.74484039678538,1.84528412634799,0.763427993562937,1.80597635071756,0.946943270697825,0.243038048686294
"157","CC065.Unc","OR5119-1",1,7,0,17.881,7.563,8.402,6.438,7.001,0.707570176097936,0.551449997972875,-0.119186407719209,1.08098704691089,1.82092358788132,1.20411998265592,0.653212513775344,-1.52287874528034,0.770852011642144,-2,1.8624891669059,-0.853871964321762,-0.638272163982407,-0.508638306165727,-0.537602002101044,0.271841606536499,1.90568796771185,2.00453631785132,0.0606978403536116,2.29272113777454,0.588831725594207,-0.0457574905606751,2.68373127861889,1.35140975192544,1.52556305827007,1.766264090652,1.22271647114758,1.12613140726198,0.41161970596323
"158","CC065.Unc","OR5119-2",1,7,0,-6.806,7.127,8.318,6.575,7.366,0.546542663478131,0.53655844257153,-0.119186407719209,1.09933527768596,2.15035725799852,1.13672056715641,1.28847280059978,-1.52287874528034,0.843855422623161,0.346352974450639,2.42385182444069,0.367355921026019,1.17811325231463,-0.508638306165727,0.786041210242554,0.344392273685111,1.91550536175438,2.16515526139207,0.161368002234975,2.48033757114728,0.967547976218862,0.346352974450639,2.7072038517881,1.50974001557038,1.42975228000241,2.11283951084511,0.75815462196739,1.24674470972384,0.257678574869184
"159","CC065.Unc","OR5119-3",1,7,0,-8.718,7.326,8.081,7.17,6.897,0.606381365110605,0.773786444981194,-0.119186407719209,0.890421018800914,1.97589113640179,1.0982975364947,0.662757831681574,-1.52287874528034,0.770852011642144,-2,1.71432975974523,-0.853871964321762,-0.638272163982407,-0.508638306165727,-0.537602002101044,0.419955748489758,1.83985498460189,2.21181443045682,0.190331698170291,2.41765434080595,0.860936620700094,0.250420002308894,2.69674943520162,1.57875378442643,1.3932241163613,1.9198100201702,1.27989498001164,1.28914283593233,0.318063334962762
"160","CC068.TauUnc","CC068-1",3,0,0,-0.892,NA,6.55,NA,NA,1.31534047662729,1.02897770520878,0.494154594018443,2.88040196038887,2.6273453705208,2.6281538364761,0.564666064252089,-1.52287874528034,1.56561172490206,-2,1.99567906051162,-0.193820026016113,-0.638272163982407,-0.508638306165727,-0.537602002101044,-0.214670164989233,2.3063392325125,2.54762704477035,0.811575005870593,2.48033757114728,2.12260902357599,0.834420703681533,3.17665547522106,2.05694294567288,1.93591013643051,2.26902233472923,1.79885773174749,1.70475090429067,0.28330122870355
"161","CC068.TauUnc","CC068-2",3,0,0,-18.898,5.484,6.695,6.831,6.695,1.13321945673249,-0.0915149811213502,0.383815365980431,2.29519311588586,2.1185623126356,1.63608651510307,0.492760389026837,-1.52287874528034,1.26434550705009,-2,1.62065647981962,-0.853871964321762,-0.638272163982407,-0.508638306165727,-0.537602002101044,-0.494850021680094,2.14295230734343,2.2293490201677,0.507855871695831,2.43248825577051,1.53567380342575,0.292256071356476,2.98852774362789,1.48058178682917,1.50474263627169,1.55750720190566,1.2397998184471,0.800029359244134,0.605305046141109
"162","CC068.TauUnc","CC068-3",3,0,0,-1.715,5.389,6.487,6.076,6.079,NA,NA,NA,NA,NA,NA,NA,NA,NA,NA,NA,NA,NA,NA,NA,NA,NA,NA,NA,NA,NA,NA,NA,NA,NA,NA,NA,NA,NA
